E_Curvature, E_Area, E_Regularization, E_Total ((pN.nm)), Mean Force (pN)
0.0499081, 0.144286, 0, 1.08228, 0.000119007
0.0220816, 0.0315871, 0.203491, 0.956025, 0.017077
0.040483, 0.0453264, 0.002567, 0.795004, 0.00254711
0.0237018, 0.0453264, 0.00297084, 0.778626, 0.00421871
0.0352859, 0.0453264, 0.00956651, 0.796806, 0.00284184
0.0716835, 0.0453264, 0.00176243, 0.8254, 0.00528878
0.0282258, 0.0453264, 0.00326018, 0.78344, 0.00734895
0.0188708, 0.0453264, 0.00230448, 0.773129, 0.00192515
0.0817702, 0.0453264, 0.00271063, 0.836435, 0.00594005
0.039578, 0.0453264, 0.00206458, 0.793596, 0.00214162
0.129901, 0.0453264, 0.00256926, 0.884425, 0.00478336
0.0363249, 0.0453264, 0.00855356, 0.796832, 0.00363735
0.11184, 0.0453264, 0.00254421, 0.866338, 0.00353806
0.0324994, 0.0453264, 0.00202333, 0.786477, 0.000887883
0.150478, 0.0453264, 0, 0.902431, 0.000218454
0.0218829, 0.0453264, 9.86865e-29, 0.773837, 0.000201733
0.150708, 0.0453264, 0, 0.902661, 0.000111156
0.0445633, 0.0453264, 0, 0.796517, 0.000780307
0.0259111, 0.0453264, 0, 0.777865, 0.000159064
0.0576615, 0.0453264, 0, 0.809615, 0.000381537
0.0200478, 0.0453264, 0, 0.772002, 8.86319e-05
0.0253416, 0.0453264, 0, 1.00064, 0.000438846
0.110349, 0.0453264, 0, 1.08565, 0.000907438
0.0722909, 0.0453264, 0, 1.04759, 0.00064945
0.00591472, 0.0453264, 0, 0.981215, 0.00115746
0.0419565, 0.0453264, 0, 1.01726, 0.000178146
0.0393307, 0.0453264, 0, 1.01463, 0.000187412
0.0596063, 0.0453264, 0, 1.03491, 0.000310141
0.0228511, 0.0453264, 0, 0.998152, 0.000473344
0.0303865, 0.0453264, 0, 1.00569, 0.000180023
0.0422804, 0.0453264, 0, 1.01758, 0.00121684
0.0231428, 0.0453264, 0, 0.998443, 0.000512936
0.0333065, 0.0453264, 0, 1.00861, 0.00064486
0.042671, 0.0453264, 0, 1.01797, 0.000938594
0.0250779, 0.0453264, 0, 1.00038, 0.000224151
0.0252975, 0.0453264, 0, 1.0006, 0.00139325
0.0471114, 0.0453264, 0, 1.02241, 0.000250201
0.034973, 0.0453264, 0, 1.01027, 0.000716902
0.140405, 0.0453264, 0, 1.11571, 0.000820164
0.00869333, 0.0453264, 0, 0.983994, 0.000283734
0.0426032, 0.0453264, 0, 1.0179, 0.000146352
0.0219251, 0.0453264, 0, 1.29117, 6.90637e-05
0.01881, 0.0453264, 0, 1.28805, 0.000366284
0.0515414, 0.0453264, 0, 1.32078, 0.000719813
0.0203987, 0.0453264, 0, 1.28964, 0.00087106
0.0272817, 0.0453264, 0, 1.29652, 0.000496231
0.0355768, 0.0453264, 0, 1.30482, 0.000160023
0.0206473, 0.0453264, 0, 1.28989, 0.000491261
0.0546804, 0.0453264, 0, 1.32392, 0.000354183
0.0340549, 0.0453264, 0, 1.3033, 0.000181587
0.0446584, 0.0453264, 0, 1.3139, 0.000292089
0.0199438, 0.0453264, 0, 1.28918, 0.000429359
0.00786044, 0.0453264, 0, 1.2771, 0.00014474
0.0316819, 0.0453264, 0, 1.30092, 0.000117763
0.0733512, 0.0453264, 0, 1.34259, 0.000298827
0.0188546, 0.0453264, 0, 1.2881, 0.000496824
0.0621525, 0.0453264, 0, 1.33139, 0.000170097
0.341508, 0.0453264, 0, 1.61075, 0.00156543
0.0631076, 0.0453264, 0, 1.33235, 0.000229946
0.0468543, 0.0453264, 0, 1.3161, 0.000900696
0.0523973, 0.0453264, 0, 1.32164, 0.000212474
0.0516792, 0.0453264, 0, 1.70777, 0.000913166
0.0671286, 0.0453264, 0, 1.72322, 0.000474107
0.0922836, 0.0453264, 0, 1.74837, 0.000186132
0.0366205, 0.0453264, 0, 1.69271, 0.000927433
0.0331137, 0.0453264, 0, 1.6892, 0.000103144
0.0425363, 0.0453264, 0, 1.69862, 0.000362728
0.0529749, 0.0453264, 0, 1.70906, 0.00142407
0.0114095, 0.0453264, 0, 1.6675, 0.000252253
0.0207625, 0.0453264, 0, 1.67685, 0.000244269
0.0164171, 0.0453264, 0, 1.67251, 0.00110063
0.0305145, 0.0453264, 0, 1.6866, 0.000216186
0.0267272, 0.0453264, 0, 1.68282, 0.000324807
0.0179646, 0.0453264, 0, 1.67405, 9.00568e-05
0.110005, 0.0453264, 0, 1.76609, 0.000769766
0.0961305, 0.0453264, 0, 1.75222, 0.000133983
0.0454618, 0.0453264, 0, 1.70155, 0.000213569
0.148137, 0.0453264, 0, 1.80423, 0.0016732
0.0280685, 0.0453264, 0, 1.68416, 0.00181317
0.0417773, 0.0453264, 0, 1.69787, 0.00106713
0.127757, 0.0453264, 0, 1.78385, 5.92209e-05
0.06564, 0.0453264, 0, 2.23085, 0.000176402
0.120224, 0.0453264, 0, 2.28543, 0.000179895
0.043769, 0.0453264, 0, 2.20898, 0.000134783
0.0443861, 0.0453264, 0, 2.20959, 0.00115417
0.0290437, 0.0453264, 0, 2.19425, 0.000921339
0.182509, 0.0453264, 0, 2.34772, 0.000874958
0.225762, 0.0453264, 0, 2.39097, 0.000232392
0.144628, 0.0453264, 0, 2.30984, 0.00203817
0.107708, 0.0453264, 0, 2.27292, 0.000432444
0.0501597, 0.0453264, 0, 2.21537, 0.0017102
0.0207135, 0.0453264, 0, 2.18592, 9.80287e-05
0.12584, 0.0453264, 0, 2.29105, 0.000201976
0.0155173, 0.0453264, 0, 2.18073, 0.000538321
0.0600305, 0.0453264, 0, 2.22524, 0.00173883
0.0397612, 0.0453264, 0, 2.20497, 0.000198673
0.132508, 0.0453264, 0, 2.29772, 0.000265148
0.141961, 0.0453264, 0, 2.30717, 0.000370306
0.127581, 0.0453264, 0, 2.29279, 0.00302787
0.0162073, 0.0453264, 0, 2.18142, 0.000123339
0.156945, 0.0453264, 0, 2.32215, 0.000231621
0.0374864, 0.0453264, 0, 2.87273, 0.00385907
0.0263689, 0.0453264, 0, 2.86162, 0.000543854
0.0327265, 0.0453264, 0, 2.86797, 0.000235496
0.00962785, 0.0453264, 0, 2.84488, 0.000341177
0.00803807, 0.0453264, 0, 2.84329, 0.000659921
0.129107, 0.0453264, 0, 2.96436, 0.000156796
0.0457373, 0.0453264, 0, 2.88099, 0.0020891
0.020208, 0.0453264, 0, 2.85546, 8.55807e-05
0.0670806, 0.0453264, 0, 2.90233, 0.00027722
0.0226701, 0.0453264, 0, 2.85792, 0.000154245
0.0685306, 0.0453264, 0, 2.90378, 0.000270115
0.0152884, 0.0453264, 0, 2.85054, 0.000402832
0.0767255, 0.0453264, 0, 2.91197, 0.00139457
0.0211072, 0.0453264, 0, 2.85636, 0.000290034
0.0114775, 0.0453264, 0, 2.84673, 0.00011328
0.0349397, 0.0453264, 0, 2.87019, 0.000374848
0.127278, 0.0453264, 0, 2.96253, 0.002089
0.0153431, 0.0453264, 0, 2.85059, 0.00131607
0.0406457, 0.0453264, 0, 2.87589, 0.000130214
0.0227991, 0.0453264, 0, 2.85805, 0.000147587
0.0302318, 0.0453264, 0, 3.7473, 0.000135812
0.0166676, 0.0453264, 0, 3.73374, 6.94392e-05
0.0211538, 0.0453264, 0, 3.73822, 0.000282398
0.0157573, 0.0453264, 0, 3.73283, 0.000327415
0.0662615, 0.0453264, 0, 3.78333, 0.000529864
0.141337, 0.0453264, 0, 3.85841, 0.000719618
0.0392852, 0.0453264, 0, 3.75636, 0.000567397
0.0305519, 0.0453264, 0, 3.74762, 0.000102994
0.0182862, 0.0453264, 0, 3.73536, 0.00126641
0.0235279, 0.0453264, 0, 3.7406, 8.77116e-05
0.13214, 0.0453264, 0, 3.84921, 0.00031747
0.0139114, 0.0453264, 0, 3.73098, 0.000718464
0.021713, 0.0453264, 0, 3.73878, 0.00275841
0.014984, 0.0453264, 0, 3.73205, 0.000141305
0.0170227, 0.0453264, 0, 3.73409, 6.96177e-05
0.0258594, 0.0453264, 0, 3.74293, 0.000354538
0.0995098, 0.0453264, 0, 3.81658, 0.000129845
0.0156298, 0.0453264, 0, 3.7327, 0.000141232
0.0436991, 0.0453264, 0, 3.76077, 0.000879717
0.184258, 0.0453264, 0, 3.90133, 0.000176504
0.0374705, 0.0453264, 0, 4.91508, 0.000335758
0.0350094, 0.0453264, 0, 4.91262, 0.000525383
0.0317761, 0.0453264, 0, 4.90939, 0.000676519
0.0275806, 0.0453264, 0, 4.90519, 0.000388478
0.145838, 0.0453264, 0, 5.02345, 0.00332284
0.0197636, 0.0453264, 0, 4.89738, 0.00387676
0.1125, 0.0453264, 0, 4.99011, 0.000740825
0.0512659, 0.0453264, 0, 4.92888, 0.000167811
0.0107533, 0.0453264, 0, 4.88837, 0.000357472
0.0265301, 0.0453264, 0, 4.90414, 0.00339
0.0401215, 0.0453264, 0, 4.91773, 0.000434924
0.0319818, 0.0453264, 0, 4.90959, 0.000489665
0.00543323, 0.0453264, 0, 4.88305, 0.00094624
0.046777, 0.0453264, 0, 4.92439, 0.000522467
0.0765557, 0.0453264, 0, 4.95417, 0.00024402
0.0466175, 0.0453264, 0, 4.92423, 0.000135965
0.0337923, 0.0453264, 0, 4.91141, 0.000337888
0.0168608, 0.0453264, 0, 4.89447, 0.000547651
0.0347222, 0.0453264, 0, 4.91233, 9.33546e-05
0.0254377, 0.0453264, 0, 4.90305, 0.000992708
0.0118103, 0.0453264, 0, 6.41678, 0.000196814
0.01776, 0.0453264, 0, 6.42273, 0.000839341
0.0354427, 0.0453264, 0, 6.44042, 0.000507158
0.0508744, 0.0453264, 0, 6.45585, 0.000687689
0.0181439, 0.0453264, 0, 6.42312, 0.00395285
0.0317678, 0.0453264, 0, 6.43674, 0.00109527
0.0477365, 0.0453264, 0, 6.45271, 0.0047289
0.183521, 0.0453264, 0, 6.58849, 0.00561064
0.0477722, 0.0453264, 0, 6.45275, 0.000296844
0.0264394, 0.0453264, 0, 6.43141, 0.000108643
0.0363668, 0.0453264, 0, 6.44134, 9.49999e-05
0.0127483, 0.0453264, 0, 6.41772, 0.000228611
0.0146707, 0.0453264, 0, 6.41964, 0.000104853
0.0224923, 0.0453264, 0, 6.42747, 9.16591e-05
0.0285652, 0.0453264, 0, 6.43354, 0.000386836
0.0542531, 0.0453264, 0, 6.45923, 0.000107465
0.00810844, 0.0453264, 0, 6.41308, 0.000198949
0.0162672, 0.0453264, 0, 6.42124, 0.00420387
0.013945, 0.0453264, 0, 6.41892, 0.000805938
0.101411, 0.0453264, 0, 6.50638, 0.00106893
0.0620461, 0.0453264, 0, 8.47714, 0.000295642
0.0236862, 0.0453264, 0, 8.43878, 0.000414956
0.121782, 0.0453264, 0, 8.53687, 8.81492e-05
0.036371, 0.0453264, 0, 8.45146, 0.000189302
0.0281766, 0.0453264, 0, 8.44327, 0.000366091
0.179489, 0.0453264, 0, 8.59458, 0.000817199
0.122709, 0.0453264, 0, 8.5378, 0.0104102
0.161328, 0.0453264, 0, 8.57642, 0.000315775
0.0693034, 0.0453264, 0, 8.4844, 0.00105303
0.0445537, 0.0453264, 0, 8.45965, 0.000396134
0.13984, 0.0453264, 0, 8.55493, 0.000140596
0.0316583, 0.0453264, 0, 8.44675, 7.94999e-05
0.134114, 0.0453264, 0, 8.54921, 0.000176364
0.0268806, 0.0453264, 0, 8.44197, 0.000151419
0.0360381, 0.0453264, 0, 8.45113, 0.000266255
0.0632445, 0.0453264, 0, 8.47834, 7.42858e-05
0.0406165, 0.0453264, 0, 8.45571, 0.00019871
0.148891, 0.0453264, 0, 8.56398, 0.000320973
0.0461992, 0.0453264, 0, 8.46129, 0.000242953
0.0137017, 0.0453264, 0, 8.42879, 0.000441766
0.221768, 0.0453264, 0, 11.2823, 0.000166107
0.11743, 0.0453264, 0, 11.178, 0.000175695
0.240913, 0.0453264, 0, 11.3015, 9.0639e-05
0.0389406, 0.0453264, 0, 11.0995, 0.00722791
0.0514853, 0.0453264, 0, 11.112, 0.00697777
0.0179758, 0.0453264, 0, 11.0785, 0.000446477
0.154845, 0.0453264, 0, 11.2154, 5.86009e-05
0.0377421, 0.0453264, 0, 11.0983, 0.00112487
0.0156821, 0.0453264, 0, 11.0762, 0.000169704
0.0332958, 0.0453264, 0, 11.0939, 0.000237973
0.157907, 0.0453264, 0, 11.2185, 0.00693036
0.132945, 0.0453264, 0, 11.1935, 0.000106434
0.0202163, 0.0453264, 0, 11.0808, 0.000763651
0.0457506, 0.0453264, 0, 11.1063, 4.20664e-05
0.0286172, 0.0453264, 0, 11.0892, 0.000621164
0.222338, 0.0453264, 0, 11.2829, 0.000287982
0.0226431, 0.0453264, 0, 11.0832, 0.000187921
0.0274279, 0.0453264, 0, 11.088, 0.000143838
0.184679, 0.0453264, 0, 11.2452, 0.000231348
0.0455387, 0.0453264, 0, 11.1061, 0.00671147
0.0282721, 0.0453264, 0, 14.5705, 0.00878076
0.0332826, 0.0453264, 0, 14.5755, 0.000713002
0.0169691, 0.0453264, 0, 14.5592, 0.000220726
0.0258414, 0.0453264, 0, 14.568, 0.000298207
0.0487666, 0.0453264, 0, 14.591, 0.000236235
0.0823373, 0.0453264, 0, 14.6245, 0.000967336
0.00798546, 0.0453264, 0, 14.5502, 9.18321e-05
0.172267, 0.0453264, 0, 14.7145, 0.000274419
0.0192797, 0.0453264, 0, 14.5615, 0.00022142
0.0754923, 0.0453264, 0, 14.6177, 0.000375408
0.0337112, 0.0453264, 0, 14.5759, 0.000100939
0.0474211, 0.0453264, 0, 14.5896, 0.000120975
0.0200241, 0.0453264, 0, 14.5622, 9.66566e-05
0.0251668, 0.0453264, 0, 14.5674, 0.000218685
0.0588032, 0.0453264, 0, 14.601, 0.000619957
0.0340358, 0.0453264, 0, 14.5762, 0.000165766
0.037034, 0.0453264, 0, 14.5792, 0.00039601
0.0648738, 0.0453264, 0, 14.6071, 0.000336541
0.113741, 0.0453264, 0, 14.6559, 0.00013601
0.0488463, 0.0453264, 0, 14.591, 0.000779136
0.113875, 0.0453264, 0, 19.2381, 0.000351248
0.0403527, 0.0453264, 0, 19.1646, 0.00048902
0.0474468, 0.0453264, 0, 19.1717, 0.000777812
0.0161015, 0.0453264, 0, 19.1404, 0.000261209
0.0198418, 0.0453264, 0, 19.1441, 0.000889859
0.0276322, 0.0453264, 0, 19.1519, 0.0114594
0.0231655, 0.0453264, 0, 19.1474, 0.0103045
0.0525519, 0.0453264, 0, 19.1768, 0.000235437
0.0442708, 0.0453264, 0, 19.1685, 0.000670009
0.00817152, 0.0453264, 0, 19.1324, 0.000457358
0.0579611, 0.0453264, 0, 19.1822, 0.000103467
0.0143144, 0.0453264, 0, 19.1386, 0.00070041
0.0236763, 0.0453264, 0, 19.1479, 0.000155525
0.00796431, 0.0453264, 0, 19.1322, 0.000331758
0.0331349, 0.0453264, 0, 19.1574, 0.000267986
0.133966, 0.0453264, 0, 19.2582, 0.000299702
0.0243727, 0.0453264, 0, 19.1486, 0.000230547
0.0359279, 0.0453264, 0, 19.1602, 0.000304264
0.0384576, 0.0453264, 0, 19.1627, 0.000271102
0.0796232, 0.0453264, 0, 19.2039, 0.00022261
0.0886201, 0.0453264, 0, 25.2432, 0.015139
0.0311133, 0.0453264, 0, 25.1857, 0.000326963
0.0135829, 0.0453264, 0, 25.1682, 7.388e-05
0.144182, 0.0453264, 0, 25.2988, 0.000183528
0.047187, 0.0453264, 0, 25.2018, 0.00033451
0.0364076, 0.0453264, 0, 25.191, 0.000361217
0.0327923, 0.0453264, 0, 25.1874, 0.000444624
0.14614, 0.0453264, 0, 25.3008, 7.55995e-05
0.0290432, 0.0453264, 0, 25.1837, 5.78485e-05
0.0337465, 0.0453264, 0, 25.1884, 0.000601038
0.0572338, 0.0453264, 0, 25.2119, 0.000536048
0.0231577, 0.0453264, 0, 25.1778, 0.000173496
0.0255467, 0.0453264, 0, 25.1802, 0.000117929
0.0399407, 0.0453264, 0, 25.1946, 0.000817854
0.117663, 0.0453264, 0, 25.2723, 0.000307085
0.109762, 0.0453264, 0, 25.2644, 0.0150961
0.0293742, 0.0453264, 0, 25.184, 0.0147809
0.00604372, 0.0453264, 0, 25.1607, 0.000452116
0.0775135, 0.0453264, 0, 25.2321, 0.000140693
0.0172118, 0.0453264, 0, 25.1718, 0.000859502
0.0176573, 0.0453264, 0, 33.1087, 8.78819e-05
0.110983, 0.0453264, 0, 33.202, 0.000551085
0.124777, 0.0453264, 0, 33.2158, 0.000342382
0.0412655, 0.0453264, 0, 33.1323, 0.00034014
0.164958, 0.0453264, 0, 33.256, 7.31176e-05
0.037744, 0.0453264, 0, 33.1288, 0.00014988
0.0803343, 0.0453264, 0, 33.1714, 0.0196434
0.0297448, 0.0453264, 0, 33.1208, 0.0204395
0.0484208, 0.0453264, 0, 33.1394, 0.000212701
0.0547935, 0.0453264, 0, 33.1458, 0.000206638
0.0156105, 0.0453264, 0, 33.1066, 0.000371708
0.0217015, 0.0453264, 0, 33.1127, 0.00016224
0.0472794, 0.0453264, 0, 33.1383, 0.000114938
0.163668, 0.0453264, 0, 33.2547, 9.6231e-05
0.211871, 0.0453264, 0, 33.3029, 3.39302e-05
0.0965907, 0.0453264, 0, 33.1876, 0.000366612
0.0422481, 0.0453264, 0, 33.1333, 0.000176457
0.0870785, 0.0453264, 0, 33.1781, 3.91825e-05
0.0437135, 0.0453264, 0, 33.1347, 0.000772181
0.0278963, 0.0453264, 0, 33.1189, 0.0194538
0.313256, 0.0472111, 1.47861, 6.34854, 0.000989916
0.158247, 0.0472485, 0.000182402, 3.10395, 0.000413783
0.86757, 0.04719, 4.22155e-05, 1.38213, 0.000138669
0.587282, 0.0470088, 0.000378966, 0.829216, 0.000417536
0.335201, 0.0465406, 3.74972e-06, 0.449377, 0.00457705
0.151261, 0.0465398, 6.41245e-10, 0.265477, 0.000295934
0.157846, 0.0465398, 3.24431e-07, 0.272062, 0.000459674
0.00931716, 0.0465398, 9.34695e-08, 0.123533, 0.00262609
0.0623255, 0.0465398, 0, 0.176541, 0.000100343
0.0637896, 0.0465398, 0, 0.178005, 0.000499535
0.158352, 0.0465398, 0, 0.272568, 0.000178845
0.0131824, 0.0465398, 0, 0.127398, 0.000576966
0.0130247, 0.0465398, 3.28955e-29, 0.12724, 0.00219913
0.0235628, 0.0465398, 0, 0.137778, 0.00356678
0.00743092, 0.0465398, 0, 0.121647, 0.000242594
0.171453, 0.0465398, 0, 0.285668, 0.000430982
0.183806, 0.0465398, 0, 0.298021, 0.000165199
0.171756, 0.0465398, 0, 0.285971, 0.000809813
0.0333271, 0.0465398, 0, 0.147543, 0.00109127
0.490901, 0.0465398, 0, 0.605117, 0.000135525
0.325595, 0.0465398, 0, 0.461201, 0.000174379
0.549824, 0.0465398, 0, 0.68543, 0.00129087
0.383886, 0.0465398, 0, 0.519492, 0.00227527
0.235641, 0.0465398, 0, 0.371247, 0.0023224
0.00567108, 0.0465398, 0, 0.141277, 0.000171772
0.0106753, 0.0465398, 0, 0.146282, 0.00131913
0.796014, 0.0465398, 0, 0.93162, 0.000180195
0.0428353, 0.0465398, 0, 0.178442, 0.000948182
0.240951, 0.0465398, 0, 0.376557, 8.91773e-05
0.203111, 0.0465398, 0, 0.338717, 0.000137005
0.360439, 0.0465398, 0, 0.496045, 0.000627711
0.692215, 0.0465398, 0, 0.827821, 0.000239476
0.0675745, 0.0465398, 0, 0.203181, 0.00019811
0.0138235, 0.0465398, 0, 0.14943, 0.00243822
0.226083, 0.0465398, 0, 0.36169, 0.00129763
0.154596, 0.0465398, 0, 0.290202, 0.000391017
0.0254149, 0.0465398, 0, 0.161021, 0.000164774
0.172316, 0.0465398, 0, 0.307922, 0.000223131
0.160859, 0.0465398, 0, 0.296465, 0.00116422
0.0291248, 0.0465398, 0, 0.164731, 9.20038e-05
0.374244, 0.0465398, 0, 0.538001, 0.000355043
0.0481231, 0.0465398, 0, 0.211881, 0.000113445
0.0660088, 0.0465398, 0, 0.229767, 0.000181399
0.00853015, 0.0465398, 0, 0.172288, 0.000183921
0.0506494, 0.0465398, 0, 0.214407, 0.00115085
0.215213, 0.0465398, 0, 0.378971, 0.00013696
0.239493, 0.0465398, 0, 0.403251, 0.00118388
0.303555, 0.0465398, 0, 0.467313, 0.000270044
0.0407309, 0.0465398, 0, 0.204489, 0.000219151
0.35326, 0.0465398, 0, 0.517018, 0.00077304
0.561722, 0.0465398, 0, 0.72548, 8.83979e-05
0.240603, 0.0465398, 0, 0.404361, 0.00144315
0.024565, 0.0465398, 0, 0.188323, 0.00016731
0.332678, 0.0465398, 0, 0.496436, 0.000513435
0.165118, 0.0465398, 0, 0.328875, 0.00207567
0.999502, 0.0465398, 0, 1.16326, 0.00087762
0.0622739, 0.0465398, 0, 0.226032, 0.000213126
0.411334, 0.0465398, 0, 0.575092, 0.000163912
0.0553135, 0.0465398, 0, 0.219071, 8.47948e-05
0.348947, 0.0465398, 0, 0.512705, 0.00010265
0.0144935, 0.0465398, 0, 0.215301, 0.000660277
0.00490496, 0.0465398, 0, 0.205712, 0.000620022
0.0236267, 0.0465398, 0, 0.224434, 0.000114309
0.0641394, 0.0465398, 0, 0.264947, 0.000323446
0.0201545, 0.0465398, 0, 0.220962, 0.000314612
0.168264, 0.0465398, 0, 0.369072, 0.000135324
0.159545, 0.0465398, 0, 0.360352, 0.0013018
0.412518, 0.0465398, 0, 0.613326, 0.000207583
0.482068, 0.0465398, 0, 0.682875, 0.000264226
0.631817, 0.0465398, 0, 0.832624, 0.000124639
0.176618, 0.0465398, 0, 0.377426, 0.000525984
0.240602, 0.0465398, 0, 0.44141, 0.000140432
0.0259856, 0.0465398, 0, 0.226793, 0.00134926
0.00759389, 0.0465398, 0, 0.208401, 0.000519364
0.424225, 0.0465398, 0, 0.625033, 7.33891e-05
0.338243, 0.0465398, 0, 0.53905, 0.000200756
0.0670474, 0.0465398, 0, 0.267855, 0.000563143
0.515934, 0.0465398, 0, 0.716742, 0.000515418
0.481742, 0.0465398, 0, 0.68255, 0.00175364
0.207296, 0.0465398, 0, 0.408104, 0.000321273
0.0203505, 0.0465398, 0, 0.269918, 0.000159148
0.0157799, 0.0465398, 0, 0.265347, 0.00012098
0.22704, 0.0465398, 0, 0.476607, 0.000159235
0.847315, 0.0465398, 0, 1.09688, 0.00482007
0.569431, 0.0465398, 0, 0.818999, 0.00181623
0.207137, 0.0465398, 0, 0.456704, 0.000576974
0.325853, 0.0465398, 0, 0.57542, 0.000300361
0.323024, 0.0465398, 0, 0.572591, 0.00131022
0.055615, 0.0465398, 0, 0.305182, 0.0032948
0.209716, 0.0465398, 0, 0.459283, 0.000487139
0.779866, 0.0465398, 0, 1.02943, 0.000815638
0.694477, 0.0465398, 0, 0.944044, 0.000554315
0.357737, 0.0465398, 0, 0.607304, 0.000654867
0.0612655, 0.0465398, 0, 0.310833, 0.00154906
0.159773, 0.0465398, 0, 0.40934, 0.00107352
0.415214, 0.0465398, 0, 0.664781, 0.000293669
0.0226654, 0.0465398, 0, 0.272233, 0.000247909
0.830487, 0.0465398, 0, 1.08005, 0.000231753
0.155665, 0.0465398, 0, 0.405233, 0.000156301
0.45592, 0.0465398, 0, 0.705487, 0.00234433
0.273328, 0.0465398, 0, 0.522895, 0.000432035
0.16897, 0.0465398, 0, 0.418538, 0.00019619
0.335202, 0.0465398, 0, 0.584769, 9.68657e-05
0.479144, 0.0465398, 0, 0.728712, 0.000120642
0.025593, 0.0465398, 0, 0.27516, 0.000362516
0.00441862, 0.0465398, 0, 0.253986, 0.00188074
0.702364, 0.0465398, 0, 0.951931, 0.000217065
0.506189, 0.0465398, 0, 0.755756, 0.000363102
0.334099, 0.0465398, 0, 0.583667, 0.00243804
0.0406223, 0.0465398, 0, 0.29019, 0.000204528
0.073693, 0.0465398, 0, 0.32326, 0.000217864
0.174932, 0.0465398, 0, 0.424499, 0.00158911
0.348231, 0.0465398, 0, 0.597799, 0.000211423
0.0391802, 0.0465398, 0, 0.288747, 0.000415483
0.374869, 0.0465398, 0, 0.624436, 8.21619e-05
0.0740969, 0.0465398, 0, 0.323664, 0.000281172
0.199684, 0.0465398, 0, 0.449251, 0.000333504
0.370036, 0.0465398, 0, 0.619603, 0.000375743
0.0157129, 0.0465398, 0, 0.26528, 0.0015345
0.326639, 0.0465398, 0, 0.576206, 5.6694e-05
0.344563, 0.0465398, 0, 0.59413, 0.00024347
0.480115, 0.0465398, 0, 0.729683, 6.7044e-05
0.389788, 0.0465398, 0, 0.639355, 0.000521186
0.198815, 0.0465398, 0, 0.448382, 0.000164007
0.183745, 0.0465398, 0, 0.433312, 0.000238733
0.0176288, 0.0465398, 0, 0.267196, 0.00014551
0.183553, 0.0465398, 0, 0.43312, 0.000176227
0.179271, 0.0465398, 0, 0.428838, 8.75498e-05
0.324471, 0.0465398, 0, 0.574038, 0.00153068
0.315967, 0.0465398, 0, 0.565535, 0.000184223
0.324637, 0.0465398, 0, 0.574204, 0.00088158
0.506731, 0.0465398, 0, 0.756299, 0.000446697
0.22097, 0.0465398, 0, 0.470537, 0.000147285
0.179164, 0.0465398, 0, 0.428731, 6.58285e-05
0.0460237, 0.0465398, 0, 0.295591, 0.000866746
0.392388, 0.0465398, 0, 0.641956, 0.00158003
0.464221, 0.0465398, 0, 0.713788, 0.00054622
0.178767, 0.0465398, 0, 0.428335, 0.00134202
0.244731, 0.0465398, 0, 0.494298, 0.0003882
0.493551, 0.0465398, 0, 0.743118, 0.0002715
0.538399, 0.0465398, 0, 0.787966, 0.000335465
0.196658, 0.0465398, 0, 0.446225, 0.000283447
0.317906, 0.0465398, 0, 0.567474, 0.00211728
0.230373, 0.0465398, 0, 0.479941, 0.000164643
0.340433, 0.0465398, 0, 0.59, 0.000165591
0.377458, 0.0465398, 0, 0.627025, 0.00101121
0.0997818, 0.0465398, 0, 0.349349, 0.0024277
0.042526, 0.0465398, 0, 0.292093, 0.00212337
0.275334, 0.0465398, 0, 0.524901, 0.000366556
0.0482428, 0.0465398, 0, 0.29781, 0.000165238
0.0169899, 0.0465398, 0, 0.266557, 0.00037303
0.245438, 0.0465398, 0, 0.495006, 4.55429e-05
0.0760866, 0.0465398, 0, 0.325654, 0.00011928
0.307753, 0.0465398, 0, 0.557321, 0.00151638
0.0107675, 0.0465398, 0, 0.260335, 0.00194581
0.0481684, 0.0465398, 0, 0.297736, 0.000145254
0.440526, 0.0465398, 0, 0.690094, 0.000276697
0.234474, 0.0465398, 0, 0.484041, 0.00203015
0.0229675, 0.0465398, 0, 0.272535, 0.000287078
0.323706, 0.0465398, 0, 0.573274, 0.000139608
0.22189, 0.0465398, 0, 0.471457, 0.00031235
0.0841566, 0.0465398, 0, 0.333724, 0.00143295
0.0159428, 0.0465398, 0, 0.26551, 0.00210354
0.173257, 0.0465398, 0, 0.422824, 0.00583659
0.201014, 0.0465398, 0, 0.450581, 0.000697865
0.0476406, 0.0465398, 0, 0.297208, 0.000150306
0.037431, 0.0465398, 0, 0.286998, 0.00420126
0.512842, 0.0465398, 0, 0.762409, 0.000120297
0.0228386, 0.0465398, 0, 0.272406, 0.000239066
0.0705489, 0.0465398, 0, 0.320116, 0.000605103
0.014183, 0.0465398, 0, 0.26375, 0.000338041
0.0113559, 0.0465398, 0, 0.260923, 0.00164336
0.058943, 0.0465398, 0, 0.30851, 5.6497e-05
0.233309, 0.0465398, 0, 0.482876, 9.20775e-05
0.17403, 0.0465398, 0, 0.423597, 0.000205221
0.214234, 0.0465398, 0, 0.463802, 0.000146199
0.491764, 0.0465398, 0, 0.741331, 0.000337586
0.16003, 0.0465398, 0, 0.409597, 0.000406234
0.367425, 0.0465398, 0, 0.616992, 0.000416698
0.280611, 0.0465398, 0, 0.530178, 0.000931641
0.170628, 0.0465398, 0, 0.420195, 0.00203427
0.365569, 0.0465398, 0, 0.615136, 0.00161152
0.00172792, 0.0465398, 0, 0.251295, 0.000257363
0.0757466, 0.0465398, 0, 0.325314, 0.000433765
0.161933, 0.0465398, 0, 0.411501, 8.27281e-05
0.199616, 0.0465398, 0, 0.449184, 0.000155004
0.559177, 0.0465398, 0, 0.808744, 0.00341272
0.161136, 0.0465398, 0, 0.410703, 0.000249605
0.0235459, 0.0465398, 0, 0.273113, 8.80372e-05
0.0107868, 0.0465398, 0, 0.260354, 0.000157648
0.0439502, 0.0465398, 0, 0.293517, 0.000386489
0.00119245, 0.0465398, 0, 0.25076, 0.000192396
0.0198097, 0.0465398, 0, 0.269377, 0.000196335
1.03752, 0.0465398, 0, 1.28709, 0.000190571
0.0160937, 0.0465398, 0, 0.265661, 0.0017375
0.00923229, 0.0465398, 0, 0.2588, 0.000266801
0.0376523, 0.0465398, 0, 0.28722, 9.91192e-05
0.211495, 0.0465398, 0, 0.461062, 0.000101719
0.415441, 0.0465398, 0, 0.665008, 0.000130409
0.663526, 0.0465398, 0, 0.913093, 0.000114302
0.181847, 0.0465398, 0, 0.431414, 0.000724967
0.183627, 0.0465398, 0, 0.433195, 0.000300911
0.373427, 0.0465398, 0, 0.622995, 4.37907e-05
0.179989, 0.0465398, 0, 0.429557, 0.000129416
0.215637, 0.0465398, 0, 0.465204, 0.000276376
0.0386467, 0.0465398, 0, 0.288214, 0.000621799
0.159324, 0.0465398, 0, 0.408891, 0.000279056
0.0567001, 0.0465398, 0, 0.306267, 0.000818073
0.00745961, 0.0465398, 0, 0.257027, 0.000789413
1.08865, 0.0465398, 0, 1.33822, 0.00364265
0.0167098, 0.0465398, 0, 0.266277, 0.000321069
0.0108845, 0.0465398, 0, 0.260452, 0.000160777
0.700189, 0.0465398, 0, 0.949756, 0.000212772
0.461034, 0.0465398, 0, 0.710601, 9.2364e-05
0.031182, 0.0465398, 0, 0.280749, 0.000599986
0.335103, 0.0465398, 0, 0.58467, 0.000171569
0.17948, 0.0465398, 0, 0.429047, 0.00031493
0.400923, 0.0465398, 0, 0.65049, 0.000909338
0.158293, 0.0465398, 0, 0.40786, 0.000146211
0.576836, 0.0465398, 0, 0.826404, 0.000182358
0.221751, 0.0465398, 0, 0.471318, 0.000252585
0.165124, 0.0465398, 0, 0.414691, 0.000501663
0.183155, 0.0465398, 0, 0.432722, 0.000920527
0.179414, 0.0465398, 0, 0.428982, 0.000565103
0.715479, 0.0465398, 0, 0.965047, 0.00214926
0.387137, 0.0465398, 0, 0.636704, 0.0001645
0.205046, 0.0465398, 0, 0.454613, 8.77273e-05
0.220092, 0.0465398, 0, 0.46966, 0.00664749
0.41201, 0.0465398, 0, 0.661578, 5.03595e-05
0.0106814, 0.0465398, 0, 0.260249, 7.32147e-05
0.190255, 0.0465398, 0, 0.439822, 0.000517949
0.0270877, 0.0465398, 0, 0.276655, 0.000295597
0.749224, 0.0465398, 0, 0.998792, 0.00234724
0.164651, 0.0465398, 0, 0.414218, 0.00293174
0.562816, 0.0465398, 0, 0.812383, 0.0001988
0.363323, 0.0465398, 0, 0.61289, 0.0022431
0.0258638, 0.0465398, 0, 0.275431, 9.71171e-05
0.00628547, 0.0465398, 0, 0.255853, 0.00202955
0.405509, 0.0465398, 0, 0.655076, 0.00141233
0.00741754, 0.0465398, 0, 0.256985, 0.000241454
0.368918, 0.0465398, 0, 0.618486, 9.73052e-05
0.0223996, 0.0465398, 0, 0.271967, 9.4894e-05
0.0462451, 0.0465398, 0, 0.295812, 0.000381881
0.390623, 0.0465398, 0, 0.64019, 0.000187186
0.180202, 0.0465398, 0, 0.42977, 0.000294636
0.389139, 0.0465398, 0, 0.638707, 0.000349019
0.418716, 0.0465398, 0, 0.668283, 0.000247032
0.041503, 0.0465398, 0, 0.29107, 0.000237483
0.0246348, 0.0465398, 0, 0.274202, 0.000176231
0.164491, 0.0465398, 0, 0.414058, 0.000115698
0.181193, 0.0465398, 0, 0.430761, 0.000280474
0.19563, 0.0465398, 0, 0.445198, 0.000229584
0.0176781, 0.0465398, 0, 0.267245, 0.000157386
0.0601782, 0.0465398, 0, 0.309745, 0.000535375
0.18071, 0.0465398, 0, 0.430277, 0.00180013
0.0300559, 0.0465398, 0, 0.279623, 0.000139731
0.187954, 0.0465398, 0, 0.437521, 0.001331
0.0461204, 0.0465398, 0, 0.295688, 0.00206505
0.0301153, 0.0465398, 0, 0.279683, 0.000115025
0.0859064, 0.0465398, 0, 0.335474, 0.000175108
0.178162, 0.0465398, 0, 0.427729, 0.00153801
0.175276, 0.0465398, 0, 0.424843, 6.64775e-05
0.043664, 0.0465398, 0, 0.293231, 0.000277355
0.366659, 0.0465398, 0, 0.616226, 0.000255571
0.51999, 0.0465398, 0, 0.769557, 0.00069235
0.0414002, 0.0465398, 0, 0.290967, 0.000242043
0.174468, 0.0465398, 0, 0.424035, 0.000121229
0.0126724, 0.0465398, 0, 0.26224, 0.00581102
0.166411, 0.0465398, 0, 0.415978, 0.000310487
0.359396, 0.0465398, 0, 0.608963, 0.000426584
0.364869, 0.0465398, 0, 0.614437, 0.00014715
0.549127, 0.0465398, 0, 0.798694, 0.000248044
0.0389143, 0.0465398, 0, 0.288482, 0.000809405
0.0776342, 0.0465398, 0, 0.327201, 0.00148256
0.00818745, 0.0465398, 0, 0.257755, 0.000284672
0.197961, 0.0465398, 0, 0.447528, 0.00110766
0.33061, 0.0465398, 0, 0.580177, 8.38283e-05
0.180169, 0.0465398, 0, 0.429736, 5.37873e-05
0.480258, 0.0465398, 0, 0.729826, 0.000193363
0.0482372, 0.0465398, 0, 0.297804, 0.000112144
0.0564156, 0.0465398, 0, 0.305983, 0.000176581
0.0902979, 0.0465398, 0, 0.339865, 0.00194661
0.0471683, 0.0465398, 0, 0.296736, 0.000434902
0.517394, 0.0465398, 0, 0.766962, 7.20626e-05
0.233301, 0.0465398, 0, 0.482868, 9.11292e-05
0.363535, 0.0465398, 0, 0.613102, 9.13699e-05
0.675942, 0.0465398, 0, 0.925509, 0.00169395
0.232666, 0.0465398, 0, 0.482233, 0.000140722
0.0251967, 0.0465398, 0, 0.274764, 0.000225418
0.252296, 0.0465398, 0, 0.501864, 0.000188064
0.18215, 0.0465398, 0, 0.431717, 0.000569325
0.528353, 0.0465398, 0, 0.777921, 0.00198889
0.0583504, 0.0465398, 0, 0.307918, 0.000248657
0.296294, 0.0465398, 0, 0.545861, 0.000622311
0.49458, 0.0465398, 0, 0.744147, 0.000428142
0.0411438, 0.0465398, 0, 0.290711, 0.000129655
0.328684, 0.0465398, 0, 0.578251, 0.000573282
0.42174, 0.0465398, 0, 0.671308, 0.00111674
0.211774, 0.0465398, 0, 0.461341, 0.000448604
0.479429, 0.0465398, 0, 0.728997, 0.00066943
0.159488, 0.0452314, 2.48946e-05, 0.386899, 0.00205179
0.0408913, 0.0452301, 2.26325e-08, 0.265462, 8.76022e-05
0.207413, 0.0452301, 2.12203e-10, 0.431984, 0.000697523
0.247786, 0.0452301, 2.08203e-10, 0.472356, 0.00107239
0.298126, 0.0452301, 0, 0.522697, 0.000536854
0.166879, 0.0452301, 0, 0.391449, 0.000248672
0.0369343, 0.0452301, 3.28955e-29, 0.261505, 0.000138238
0.102812, 0.0452301, 1.31582e-28, 0.327383, 5.7907e-05
0.1558, 0.0452301, 0, 0.380371, 0.00219238
0.0309612, 0.0452301, 0, 0.255532, 0.00229284
0.222696, 0.0452301, 2.96059e-28, 0.447267, 0.00210029
0.530485, 0.0452301, 1.64477e-28, 0.755055, 0.000435462
0.00799793, 0.0452301, 0, 0.232568, 0.000368136
0.167828, 0.0452301, 1.57898e-27, 0.392399, 0.000305763
0.0206077, 0.0452301, 0, 0.245178, 0.000542865
0.0401642, 0.0452301, 0, 0.264735, 0.000349341
0.0365109, 0.0452301, 0, 0.261081, 0.000236487
0.471827, 0.0452301, 0, 0.696398, 0.00186236
0.574009, 0.0452301, 0, 0.798579, 0.000487321
0.19533, 0.0452301, 0, 0.419901, 5.14323e-05
0.0499843, 0.0452301, 0, 0.274555, 0.000466183
0.539825, 0.0452301, 0, 0.764395, 0.000779357
0.480903, 0.0452301, 0, 0.705473, 0.00179559
0.194109, 0.0452301, 0, 0.41868, 0.00227965
0.953593, 0.0452301, 0, 1.17816, 0.000392046
0.188413, 0.0452301, 0, 0.412983, 0.000209794
0.0738809, 0.0452301, 0, 0.298451, 0.000914259
0.315012, 0.0452301, 0, 0.539582, 0.000133094
0.0191199, 0.0452301, 0, 0.24369, 0.00013386
0.0458836, 0.0452301, 0, 0.270454, 0.000116818
0.184104, 0.0452301, 0, 0.408675, 0.00207196
0.194929, 0.0452301, 0, 0.4195, 0.00224671
0.00828604, 0.0452301, 0, 0.232857, 0.00224283
0.173282, 0.0452301, 0, 0.397853, 0.000612623
0.196722, 0.0452301, 0, 0.421293, 0.000171214
0.545533, 0.0452301, 0, 0.770103, 0.00029722
0.0326125, 0.0452301, 0, 0.257183, 0.000104064
0.18892, 0.0452301, 0, 0.41349, 0.000165924
0.0115732, 0.0452301, 0, 0.236144, 5.67113e-05
0.413345, 0.0452301, 0, 0.637916, 0.00220446
0.354283, 0.0452301, 0, 0.578854, 0.00187418
0.319586, 0.0452301, 0, 0.544157, 0.00170846
0.515551, 0.0452301, 0, 0.740121, 0.000100245
0.156237, 0.0452301, 0, 0.380808, 0.000187126
0.30717, 0.0452301, 0, 0.531741, 0.000657086
0.517522, 0.0452301, 0, 0.742093, 0.000118319
0.213982, 0.0452301, 0, 0.438553, 0.000255249
0.0408983, 0.0452301, 0, 0.265469, 7.93774e-05
0.19873, 0.0452301, 0, 0.4233, 0.000694257
0.395064, 0.0452301, 0, 0.619635, 0.00191942
0.00844314, 0.0452301, 0, 0.233014, 0.000133591
0.587898, 0.0452301, 0, 0.812469, 0.00199161
0.191245, 0.0452301, 0, 0.415816, 0.00013056
0.56515, 0.0452301, 0, 0.789721, 0.000186519
0.0273879, 0.0452301, 0, 0.251958, 0.000203314
0.846266, 0.0452301, 0, 1.07084, 0.000390794
0.164327, 0.0452301, 0, 0.388897, 0.000129906
0.173824, 0.0452301, 0, 0.398394, 0.00072531
0.173481, 0.0452301, 0, 0.398051, 0.00015273
0.149034, 0.0452301, 0, 0.373605, 0.000808588
0.492597, 0.0452301, 0, 0.717168, 8.77332e-05
0.791349, 0.0452301, 0, 1.01592, 0.00017881
0.447445, 0.0452301, 0, 0.672016, 0.000307086
0.182979, 0.0452301, 0, 0.407549, 0.00067256
0.0135113, 0.0452301, 0, 0.238082, 0.00253732
0.0189936, 0.0452301, 0, 0.243564, 0.000513144
1.30218, 0.0452301, 0, 1.52675, 0.000981055
0.00701387, 0.0452301, 0, 0.231584, 0.000288819
0.0108083, 0.0452301, 0, 0.235379, 0.000684609
0.0111008, 0.0452301, 0, 0.235671, 0.000287162
0.0527986, 0.0452301, 0, 0.277369, 0.000235833
0.505529, 0.0452301, 0, 0.730099, 0.000196715
0.144158, 0.0452301, 0, 0.368729, 0.000704095
0.406375, 0.0452301, 0, 0.630945, 0.000951423
0.173522, 0.0452301, 0, 0.398092, 7.99461e-05
0.406803, 0.0452301, 0, 0.631373, 0.000209765
0.243108, 0.0452301, 0, 0.467679, 0.000167071
0.422814, 0.0452301, 0, 0.647384, 0.00596693
0.163882, 0.0452301, 0, 0.388452, 0.000845304
0.349818, 0.0452301, 0, 0.574388, 0.000179208
0.223202, 0.0452301, 0, 0.447772, 0.00104357
0.0181104, 0.0452301, 0, 0.242681, 0.00181141
0.161114, 0.0452301, 0, 0.385685, 0.00192834
0.144179, 0.0452301, 0, 0.368749, 0.0010916
0.154725, 0.0452301, 0, 0.379296, 0.000166343
0.0160828, 0.0452301, 0, 0.240653, 7.92154e-05
0.155631, 0.0452301, 0, 0.380202, 0.000689731
0.151885, 0.0452301, 0, 0.376455, 0.00583486
0.462542, 0.0452301, 0, 0.687113, 0.000144211
0.414174, 0.0452301, 0, 0.638744, 0.000710074
0.0221091, 0.0452301, 0, 0.24668, 0.000688058
0.00734112, 0.0452301, 0, 0.231912, 4.0416e-05
0.55804, 0.0452301, 0, 0.78261, 0.00205818
1.11821, 0.0452301, 0, 1.34278, 0.000529481
0.62391, 0.0452301, 0, 0.848481, 0.000112476
0.3266, 0.0452301, 0, 0.55117, 0.000171933
0.0620561, 0.0452301, 0, 0.286627, 0.000261317
0.5916, 0.0452301, 0, 0.816171, 0.000230771
0.514098, 0.0452301, 0, 0.738668, 0.000323389
0.663845, 0.0452301, 0, 0.888416, 0.000196474
0.0192291, 0.0452301, 0, 0.2438, 4.29566e-05
0.0531176, 0.0452301, 0, 0.277688, 1.19669e-06
0.0108567, 0.0452301, 0, 0.235427, 0.000176084
0.408737, 0.0452301, 0, 0.633307, 0.00030444
0.200178, 0.0452301, 0, 0.424748, 0.000123491
0.1488, 0.0452301, 0, 0.37337, 0.000145212
0.0177058, 0.0452301, 0, 0.242276, 0.000106118
0.240681, 0.0452301, 0, 0.465252, 0.000200679
0.206363, 0.0452301, 0, 0.430934, 7.11873e-05
0.2258, 0.0452301, 0, 0.45037, 0.000288846
0.2471, 0.0452301, 0, 0.47167, 0.000156853
0.414413, 0.0452301, 0, 0.638984, 0.00744876
0.0611183, 0.0452301, 0, 0.285689, 0.00108091
0.901372, 0.0452301, 0, 1.12594, 0.000219379
0.256964, 0.0452301, 0, 0.481535, 0.00432234
0.0225597, 0.0452301, 0, 0.24713, 0.00191326
0.138731, 0.0452301, 0, 0.363302, 0.000238902
0.157153, 0.0452301, 0, 0.381723, 0.000337443
0.41337, 0.0452301, 0, 0.63794, 0.000312163
0.639836, 0.0452301, 0, 0.864407, 0.000643498
0.339772, 0.0452301, 0, 0.564343, 0.000444157
0.0560864, 0.0452301, 0, 0.280657, 7.87981e-05
0.0124036, 0.0452301, 0, 0.236974, 0.00177186
0.550254, 0.0452301, 0, 0.774825, 0.000579035
0.178086, 0.0452301, 0, 0.402657, 8.73367e-05
0.0412764, 0.0452301, 0, 0.265847, 0.000607347
0.0407356, 0.0452301, 0, 0.265306, 0.00153055
0.155093, 0.0452301, 0, 0.379663, 0.000142236
0.22191, 0.0452301, 0, 0.44648, 0.00072622
0.159228, 0.0452301, 0, 0.383798, 0.000574975
0.0772843, 0.0452301, 0, 0.301855, 0.00040022
0.0569454, 0.0452301, 0, 0.281516, 0.00579739
0.231345, 0.0452301, 0, 0.455916, 9.98939e-05
0.556902, 0.0452301, 0, 0.781473, 0.000751522
0.00686031, 0.0452301, 0, 0.231431, 0.00017542
0.00608791, 0.0452301, 0, 0.230658, 0.000412437
0.0793996, 0.0452301, 0, 0.30397, 0.00603965
0.023015, 0.0452301, 0, 0.247586, 0.000243008
0.0287674, 0.0452301, 0, 0.253338, 0.000158428
0.444554, 0.0452301, 0, 0.669125, 0.00092687
0.0567572, 0.0452301, 0, 0.281328, 0.000269427
0.092791, 0.0452301, 0, 0.317362, 8.90569e-05
0.211823, 0.0452301, 0, 0.436393, 0.000136912
0.0489712, 0.0452301, 0, 0.273542, 0.000122281
0.00561425, 0.0452301, 0, 0.230185, 0.00125291
0.00558819, 0.0452301, 0, 0.230159, 0.00017579
0.40837, 0.0452301, 0, 0.632941, 0.000191337
0.0778689, 0.0452301, 0, 0.302439, 0.000366715
0.572294, 0.0452301, 0, 0.796865, 0.000126563
0.0819066, 0.0452301, 0, 0.306477, 0.00156754
0.162887, 0.0452301, 0, 0.387458, 0.00013685
0.0413005, 0.0452301, 0, 0.265871, 0.000203326
0.0145211, 0.0452301, 0, 0.239092, 0.00278737
0.371185, 0.0452301, 0, 0.595756, 0.000102568
0.168848, 0.0452301, 0, 0.393418, 0.00108581
0.0186579, 0.0452301, 0, 0.243228, 0.000100613
0.0303974, 0.0452301, 0, 0.254968, 0.000146126
0.0821013, 0.0452301, 0, 0.306672, 0.000377681
0.0527974, 0.0452301, 0, 0.277368, 0.000175971
0.0310501, 0.0452301, 0, 0.255621, 0.000114603
0.0522661, 0.0452301, 0, 0.276837, 0.000138389
0.015412, 0.0452301, 0, 0.239983, 0.000223249
0.0654428, 0.0452301, 0, 0.290013, 0.000630122
0.309783, 0.0452301, 0, 0.534354, 0.00017197
0.0140311, 0.0452301, 0, 0.238602, 0.000639652
0.0318234, 0.0452301, 0, 0.256394, 0.00108186
0.380919, 0.0452301, 0, 0.605489, 0.000942648
0.320047, 0.0452301, 0, 0.544617, 0.000201663
0.00851355, 0.0452301, 0, 0.233084, 9.24492e-05
0.383402, 0.0452301, 0, 0.607973, 0.000482629
0.0198116, 0.0452301, 0, 0.244382, 0.000202093
0.0321084, 0.0452301, 0, 0.256679, 0.000103499
0.705621, 0.0452301, 0, 0.930192, 0.000464869
0.352317, 0.0452301, 0, 0.576887, 0.000187025
0.00641119, 0.0452301, 0, 0.230982, 0.000281801
0.0239082, 0.0452301, 0, 0.248479, 0.000130211
0.476997, 0.0452301, 0, 0.701567, 0.00246424
0.40905, 0.0452301, 0, 0.63362, 0.000743866
0.161371, 0.0452301, 0, 0.385942, 0.00591625
0.4017, 0.0452301, 0, 0.626271, 7.43875e-05
0.409146, 0.0452301, 0, 0.633717, 5.13099e-05
0.738337, 0.0452301, 0, 0.962907, 0.000148299
0.0235844, 0.0452301, 0, 0.248155, 0.000263649
0.427797, 0.0452301, 0, 0.652367, 9.23917e-05
0.323119, 0.0452301, 0, 0.54769, 0.00146284
0.0288512, 0.0452301, 0, 0.253422, 0.000101738
0.428807, 0.0452301, 0, 0.653378, 0.000285014
0.344224, 0.0452301, 0, 0.568795, 0.000726115
0.196949, 0.0452301, 0, 0.42152, 0.000122771
0.162544, 0.0452301, 0, 0.387114, 0.000553799
0.052895, 0.0452301, 0, 0.277466, 0.000232205
0.0123145, 0.0452301, 0, 0.236885, 0.00028542
0.0494084, 0.0452301, 0, 0.273979, 0.000328161
0.148742, 0.0452301, 0, 0.373313, 0.000158023
0.0398959, 0.0452301, 0, 0.264466, 0.000311312
0.431808, 0.0452301, 0, 0.656379, 0.000256281
0.147148, 0.0452301, 0, 0.371718, 0.000351839
0.0421597, 0.0452301, 0, 0.26673, 0.00189754
0.0448754, 0.0452301, 0, 0.269446, 0.000778073
0.0273026, 0.0452301, 0, 0.251873, 0.00015003
0.651551, 0.0452301, 0, 0.876121, 4.29388e-05
0.396702, 0.0452301, 0, 0.621272, 0.000629276
0.383282, 0.0452301, 0, 0.607853, 0.000690239
0.18487, 0.0452301, 0, 0.40944, 0.000143859
0.166727, 0.0452301, 0, 0.391297, 0.000253624
0.373869, 0.0452301, 0, 0.59844, 0.000124232
0.16329, 0.0452301, 0, 0.387861, 0.000751201
0.982535, 0.0452301, 0, 1.20711, 0.000112623
0.212284, 0.0452301, 0, 0.436855, 0.00173497
0.198386, 0.0452301, 0, 0.422956, 0.00200955
0.398151, 0.0452301, 0, 0.622722, 0.000637852
0.0801206, 0.0452301, 0, 0.304691, 0.000758491
0.53042, 0.0452301, 0, 0.754991, 0.000151263
0.615315, 0.0452301, 0, 0.839885, 6.03154e-05
0.173014, 0.0452301, 0, 0.397585, 4.01548e-05
0.160089, 0.0452301, 0, 0.384659, 0.00279731
0.237186, 0.0452301, 0, 0.461757, 0.000159377
0.314585, 0.0452301, 0, 0.539156, 0.00019987
0.163728, 0.0452301, 0, 0.388298, 0.00020361
0.0182065, 0.0452301, 0, 0.242777, 0.000478038
0.166181, 0.0452301, 0, 0.390752, 9.74921e-05
0.154985, 0.0452301, 0, 0.379555, 0.000245722
0.0153168, 0.0452301, 0, 0.239887, 0.000760051
0.230099, 0.0452301, 0, 0.454669, 0.000107603
0.187051, 0.0452301, 0, 0.411622, 0.000200199
0.170018, 0.0452301, 0, 0.394589, 0.000941103
0.425377, 0.0452301, 0, 0.649948, 0.00108405
0.563582, 0.0452301, 0, 0.788153, 0.000507984
0.00540441, 0.0452301, 0, 0.229975, 9.56842e-05
0.00935652, 0.0452301, 0, 0.233927, 0.00161413
0.0151875, 0.0452301, 0, 0.239758, 0.000427197
0.211822, 0.0452301, 0, 0.436393, 0.00579043
0.00769884, 0.0452301, 0, 0.232269, 0.000893877
0.733997, 0.0452301, 0, 0.958568, 0.00040919
0.150735, 0.0452301, 0, 0.375306, 0.000370107
0.0194687, 0.0452301, 0, 0.244039, 0.00221331
0.325122, 0.0452301, 0, 0.549692, 0.000395851
0.141129, 0.0452301, 0, 0.365699, 0.00153167
0.0150778, 0.0452301, 0, 0.239648, 0.00736838
0.4042, 0.0452301, 0, 0.628771, 0.00016577
0.310832, 0.0452301, 0, 0.535402, 0.0001254
