-24.6309,-24.931,12
-23.0265,-24.4908,11.5653
-21.4797,-23.7345,11.7973
-20.2293,-23.0392,12.2344
-18.5336,-22.7628,12.6648
-16.783,-22.7999,12.2719
-15.9109,-23.1878,11.6507
-14.668,-24.0529,11.5109
-13.4061,-24.7485,12.2211
-12.0258,-24.8324,12.4019
-10.8489,-24.2274,11.8126
-9.38162,-24.0448,11.4973
-7.84543,-24.2668,11.5566
-6.22845,-24.5745,11.5931
-4.5161,-24.7708,11.4732
-2.78042,-24.8751,11.2433
-1.03209,-24.9724,11.3981
0.674068,-25.0398,11.4969
2.33809,-25.072,11.5515
3.96606,-25.0969,11.5648
5.56032,-25.0921,11.4816
7.10643,-25.0489,11.1845
8.66334,-25.0271,11.2215
10.2049,-25.0066,11.4935
11.7274,-24.9813,11.2238
13.2419,-24.9537,11.5574
14.7852,-24.9409,11.3732
16.2679,-24.9286,11.8073
17.7878,-24.9285,11.9437
19.3085,-24.931,12
20.8236,-24.931,12
22.3388,-24.931,12
23.8539,-24.931,12
25.3691,-24.931,12
-25.3885,-23.6189,12
-23.8102,-22.9494,11.5191
-22.2051,-22.322,12.0485
-21.5152,-20.9973,12.7232
-13.4486,-20.135,13.4539
-13.7343,-19.0082,12.2823
-17.3261,-21.5865,7.71441
-15.4187,-23.2851,12.8777
-14.3333,-24.1074,13.677
-12.9848,-23.5441,13.1516
-11.7147,-22.9106,12.457
-10.2097,-22.7756,12.042
-8.64183,-23.1106,12.0146
-6.97232,-23.4345,11.9389
-5.23274,-23.5908,11.6953
-3.47874,-23.6683,11.5158
-1.73471,-23.7236,11.5808
-0.0378743,-23.7508,11.5426
1.61133,-23.7734,11.7012
3.22461,-23.7777,11.7131
4.8044,-23.7665,11.6364
6.35395,-23.7466,11.575
7.89438,-23.7104,11.5654
9.43438,-23.6862,11.5695
10.9521,-23.6637,11.5779
12.4803,-23.6474,11.6495
13.9899,-23.635,11.7651
15.5104,-23.6205,11.9
17.0313,-23.6183,11.9804
18.5509,-23.6189,12
20.066,-23.6189,12
21.5812,-23.6189,12
23.0963,-23.6189,12
24.6115,-23.6189,12
-24.6309,-22.3067,12
-23.1095,-21.9202,12.8397
-22.7991,-21.5389,12.7114
-21.3483,-20.8291,13.3755
-24.2754,-22.301,14.3988
-16.7799,-20.5128,18.9899
-23.9162,-22.8363,6.80509
-8.46169,-19.3855,13.128
-13.1591,-22.189,14.2177
-12.346,-22.5342,14.349
-10.7691,-22.1757,13.7541
-9.44858,-21.6341,13.0031
-7.89099,-21.7059,12.7081
-6.28284,-22.0745,12.5268
-4.61561,-22.2785,12.0803
-2.86097,-22.3991,11.877
-1.10963,-22.4434,11.7726
0.612896,-22.4581,11.7564
2.28675,-22.4638,11.7977
3.92064,-22.4595,11.8389
5.51826,-22.4498,11.8342
7.08577,-22.4312,11.7861
8.63392,-22.4061,11.7357
10.1688,-22.3707,11.5534
11.6996,-22.3567,11.6821
13.2267,-22.3334,11.5469
14.7393,-22.3264,11.7831
16.2592,-22.3169,11.8992
17.7836,-22.309,11.9707
19.3085,-22.3067,12
20.8236,-22.3067,12
22.3388,-22.3067,12
23.8539,-22.3067,12
25.3691,-22.3067,12
-25.3885,-20.9946,12
-23.8733,-20.9946,12
-22.3582,-20.9946,12
-22.094,-17.6286,10.9815
-19.9121,-17.8786,13.3135
-16.5734,-19.9352,16.0672
-13.8638,-20.312,15.6265
-13.7586,-20.9182,14.3117
-14.48,-21.3741,15.0658
-11.9121,-20.9301,13.4117
-11.6975,-21.1828,14.1366
-10.1144,-20.6926,13.5597
-8.58874,-20.488,12.5448
-6.94293,-20.6787,12.8256
-5.33686,-20.956,12.5289
-3.66605,-21.121,12.2294
-1.95246,-21.1711,11.9772
-0.235488,-21.1713,11.7984
1.45578,-21.1627,11.8397
3.10599,-21.1483,11.8484
4.7158,-21.1311,11.7406
6.29716,-21.1112,11.7168
7.85482,-21.0908,11.8026
9.39175,-21.0626,11.6371
10.9264,-21.048,11.7341
12.4552,-21.0336,11.7585
13.9762,-21.0204,11.8041
15.4962,-21.0068,11.8817
17.0182,-21.0008,11.9491
18.5407,-20.9962,11.987
20.0617,-20.9936,11.998
21.5812,-20.9946,12
23.0963,-20.9946,12
24.6115,-20.9946,12
-24.6309,-19.6824,12
-23.1158,-19.6824,12
-21.6006,-19.6824,12
-19.7064,-16.6974,11.5488
-16.9148,-18.0115,14.1144
-14.5038,-19.6378,16.4258
-12.9125,-20.6476,15.265
-14.5629,-20.9898,13.237
-12.9928,-20.2382,12.7026
-12.4661,-20.2624,13.2902
-11.0229,-19.7701,13.3151
-9.41695,-19.5374,12.8711
-7.73904,-19.4274,13.1008
-6.05211,-19.5849,12.9069
-4.42762,-19.7904,12.4649
-2.75253,-19.8881,12.1634
-1.05309,-19.9006,11.9632
0.638129,-19.8778,11.8784
2.2987,-19.8491,11.8581
3.92169,-19.8229,11.8527
5.51203,-19.8006,11.8444
7.07783,-19.7768,11.8326
8.62606,-19.7557,11.8146
10.1642,-19.7364,11.7748
11.6925,-19.7222,11.638
13.2152,-19.7102,11.7912
14.7406,-19.7005,11.6995
16.2563,-19.6906,11.8919
17.7776,-19.6851,11.9428
19.2987,-19.6824,11.9811
20.8196,-19.6818,11.9969
22.3388,-19.6824,12
23.8539,-19.6824,12
25.3691,-19.6824,12
-25.3885,-18.3702,12
-23.8733,-18.3702,12
-22.3582,-18.3702,12
-19.8257,-20.4926,9.96626
-17.9968,-17.8194,11.3912
-17.4352,-19.0878,14.1358
-15.8109,-20.0383,14.9183
-14.1918,-19.7171,13.7145
-14.7426,-19.4611,11.7709
-12.9223,-19.6409,11.851
-11.5967,-19.1635,12.1982
-10.1346,-18.5832,12.3411
-8.54907,-18.266,12.7796
-6.83253,-18.2796,12.8957
-5.15442,-18.4559,12.6173
-3.50356,-18.5855,12.2559
-1.83723,-18.6231,11.9572
-0.154678,-18.5998,11.8938
1.50639,-18.5608,11.8572
3.13415,-18.5238,11.7534
4.73114,-18.4901,11.841
6.30456,-18.4656,11.8444
7.85601,-18.4431,11.7241
9.39737,-18.426,11.8129
10.9269,-18.4075,11.6703
12.4517,-18.4009,11.8
13.9766,-18.3906,11.822
15.4986,-18.3822,11.8351
17.019,-18.3718,11.8703
18.5379,-18.3709,11.921
20.0593,-18.3704,11.9691
21.5812,-18.3702,12
23.0963,-18.3702,12
24.6115,-18.3702,12
-24.6309,-17.0581,12
-23.1158,-17.0581,12
-21.6006,-17.0581,12
-19.6166,-16.525,10.6496
-17.6312,-17.8989,13.3463
-16.9074,-20.0359,13.8967
-15.6691,-19.6493,13.0783
-13.8349,-18.5501,12.4409
-13.4987,-18.2798,11.0313
-11.9044,-18.3293,11.0798
-10.3142,-18.1768,11.0539
-8.93916,-17.6226,11.6022
-7.53208,-17.1767,12.3181
-5.87303,-17.21,12.3629
-4.21588,-17.2935,12.1964
-2.56738,-17.332,11.9595
-0.908468,-17.3153,11.8858
0.738872,-17.2731,11.8691
2.36504,-17.228,11.8518
3.96149,-17.1858,11.7408
5.53575,-17.1555,11.8349
7.09134,-17.1324,11.8471
8.63371,-17.1142,11.8333
10.1672,-17.0998,11.8379
11.695,-17.0894,11.8276
13.2182,-17.0788,11.6962
14.7399,-17.0722,11.8216
16.2602,-17.0689,11.6837
17.7866,-17.0655,11.709
19.2974,-17.0596,11.9228
20.8188,-17.0583,11.9806
22.3388,-17.0581,12
23.8539,-17.0581,12
25.3691,-17.0581,12
-25.3885,-15.7459,12
-23.8733,-15.7459,12
-22.3582,-15.7459,12
-20.7093,-15.8307,11.1642
-18.3967,-16.7337,13.0453
-16.0904,-18.0709,14.3626
-14.8121,-18.5906,13.2413
-14.5059,-17.4078,12.6051
-13.4893,-16.9826,11.4363
-12.2029,-16.9878,10.5728
-10.6614,-16.9602,10.3568
-9.14611,-16.7364,10.5212
-8.01418,-16.2352,11.4356
-6.47956,-16.0726,11.7944
-4.87367,-16.0305,11.9539
-3.24704,-16.0295,11.9566
-1.6189,-16.0159,11.8829
0.00348268,-15.9771,11.7876
1.61296,-15.9284,11.8595
3.20447,-15.8839,11.8647
4.77611,-15.848,11.8431
6.33067,-15.8212,11.7331
7.87322,-15.8018,11.8413
9.40696,-15.7868,11.7279
10.9343,-15.7752,11.8483
12.4599,-15.7684,11.8496
13.9816,-15.7606,11.8367
15.5029,-15.756,11.812
17.0226,-15.7555,11.8103
18.5389,-15.75,11.8682
20.0595,-15.7472,11.9428
21.5812,-15.7459,12
23.0963,-15.7459,12
24.6115,-15.7459,12
-24.6309,-14.4338,12
-23.1158,-14.4338,12
-21.6006,-14.4338,12
-19.9494,-15.3348,12.526
-17.4902,-15.9957,13.723
-15.8887,-16.4575,13.5385
-15.1984,-16.1155,12.3592
-14.0578,-15.7085,11.5464
-12.6728,-15.5307,10.7177
-11.1491,-15.49,10.3237
-9.64958,-15.35,10.2466
-8.28127,-15.0908,10.7329
-6.99687,-14.847,11.4649
-5.47167,-14.7559,11.7392
-3.8893,-14.7271,11.7762
-2.29642,-14.6995,11.8657
-0.702557,-14.6644,11.8628
0.884082,-14.6192,11.8473
2.45993,-14.5735,11.8658
4.0238,-14.5364,11.8495
5.57487,-14.5094,11.8524
7.11537,-14.4885,11.8427
8.64865,-14.4736,11.8479
10.1765,-14.4623,11.8417
11.7016,-14.4507,11.846
13.2239,-14.4473,11.8389
14.7434,-14.4438,11.6997
16.2655,-14.44,11.8169
17.7854,-14.4393,11.7078
19.2972,-14.4366,11.9108
20.8185,-14.4345,11.9784
22.3388,-14.4338,12
23.8539,-14.4338,12
25.3691,-14.4338,12
-25.3885,-13.1216,12
-23.8733,-13.1216,12
-22.3582,-13.1216,12
-20.7182,-13.5037,12.2795
-19.1476,-14.0688,12.544
-17.601,-14.3584,12.6414
-16.1236,-14.3589,12.4155
-14.6844,-14.2152,11.9011
-13.2395,-14.1137,11.2927
-11.7628,-14.0393,10.8127
-10.2914,-13.9361,10.6266
-8.88918,-13.7678,10.8859
-7.53307,-13.5697,11.3826
-6.05733,-13.4475,11.6854
-4.5186,-13.399,11.8044
-2.95864,-13.3693,11.8218
-1.39341,-13.3344,11.8434
0.169857,-13.2965,11.8505
1.72794,-13.2573,11.7599
3.28036,-13.2204,11.8438
4.82426,-13.1947,11.7437
6.36044,-13.1734,11.8516
7.8916,-13.1583,11.7465
9.4188,-13.148,11.8431
10.9409,-13.1411,11.7126
12.4669,-13.1346,11.7023
13.9847,-13.1316,11.8416
15.5048,-13.1298,11.8404
17.0232,-13.1228,11.7146
18.5362,-13.127,11.893
20.0585,-13.1237,11.957
21.5812,-13.1216,12
23.0963,-13.1216,12
24.6115,-13.1216,12
-24.6309,-11.8094,12
-23.1158,-11.8094,12
-21.6006,-11.8094,12
-19.9906,-12.2523,12.2427
-18.4541,-12.5172,12.3648
-16.93,-12.6147,12.3503
-15.4205,-12.6266,12.1329
-13.9331,-12.6124,11.7547
-12.4633,-12.5872,11.3805
-11.0097,-12.5219,11.1399
-9.58119,-12.42,11.2674
-8.15891,-12.2453,11.4768
-6.69252,-12.1242,11.753
-5.16644,-12.0544,11.7513
-3.62988,-12.0242,11.8464
-2.08742,-11.9946,11.7628
-0.541428,-11.9627,11.7542
0.999399,-11.9302,11.8534
2.53929,-11.8997,11.8483
4.07468,-11.8727,11.7473
5.60563,-11.8564,11.859
7.13656,-11.8426,11.8679
8.66189,-11.8319,11.8547
10.185,-11.8253,11.8288
11.7063,-11.822,11.8199
13.2255,-11.8153,11.8347
14.7451,-11.8141,11.8456
16.2647,-11.8135,11.8684
17.7804,-11.8125,11.8906
19.299,-11.8122,11.9433
20.819,-11.8105,11.9901
22.3388,-11.8094,12
23.8539,-11.8094,12
25.3691,-11.8094,12
-25.3885,-10.4973,12
-23.8733,-10.4973,12
-22.3582,-10.4973,12
-20.7604,-10.6547,12.0936
-19.229,-10.874,12.171
-17.7158,-10.996,12.2146
-16.204,-11.0492,12.1548
-14.7038,-11.0765,11.9764
-13.2234,-11.087,11.7495
-11.7591,-11.0719,11.5952
-10.3105,-11.0083,11.5826
-8.86074,-10.8947,11.7042
-7.37547,-10.7785,11.8074
-5.85674,-10.7087,11.8533
-4.3266,-10.6715,11.8638
-2.79399,-10.6469,11.867
-1.26214,-10.6217,11.8408
0.268783,-10.5937,11.8388
1.79914,-10.5698,11.8567
3.32927,-10.5496,11.8651
4.85572,-10.5335,11.865
6.3824,-10.5215,11.8784
7.9064,-10.5128,11.8672
9.42605,-10.5082,11.7374
10.947,-10.5038,11.8386
12.4666,-10.5005,11.7286
13.989,-10.4979,11.7596
15.5056,-10.4994,11.8937
17.0248,-10.4961,11.7939
18.5394,-10.4989,11.9471
20.0597,-10.4984,11.9843
21.5812,-10.4973,12
23.0963,-10.4973,12
24.6115,-10.4973,12
-24.6309,-9.18512,12
-23.1158,-9.18512,12
-21.6006,-9.18512,12
-20.0258,-9.3521,12.048
-18.4993,-9.46371,12.0795
-16.9892,-9.52893,12.0768
-15.487,-9.56573,12.0174
-13.9963,-9.58745,11.9157
-12.522,-9.58757,11.7635
-11.0514,-9.56239,11.7913
-9.57952,-9.49156,11.7358
-8.09012,-9.4157,11.8539
-6.57242,-9.35492,11.8737
-5.0457,-9.31826,11.8043
-3.51905,-9.29543,11.8929
-1.99184,-9.27557,11.8828
-0.468525,-9.25426,11.7763
1.05858,-9.23524,11.7803
2.58201,-9.22017,11.8755
4.10564,-9.20659,11.785
5.62782,-9.19814,11.8857
7.14954,-9.19102,11.786
8.67198,-9.18899,11.866
10.1908,-9.18344,11.758
11.7089,-9.18569,11.8632
13.227,-9.18773,11.8933
14.7456,-9.1851,11.912
16.2647,-9.18528,11.9358
17.7815,-9.18555,11.9578
19.3004,-9.18504,11.9792
20.8196,-9.18522,11.9981
22.3388,-9.18512,12
23.8539,-9.18512,12
25.3691,-9.18512,12
-25.3885,-7.87296,12
-23.8733,-7.87296,12
-22.3582,-7.87296,12
-20.806,-7.92812,12.0078
-19.2769,-8.00982,12.0164
-17.7636,-8.06637,12.0199
-16.26,-8.10181,12.0012
-14.7644,-8.12214,11.9517
-13.2773,-8.12938,11.8943
-11.7946,-8.11836,11.8561
-10.3096,-8.08514,11.852
-8.81269,-8.03678,11.7985
-7.30213,-7.99704,11.8912
-5.78011,-7.96499,11.8259
-4.2562,-7.94628,11.8963
-2.73184,-7.92987,11.8977
-1.20977,-7.91572,11.8841
0.311349,-7.90312,11.8752
1.83257,-7.88988,11.8781
3.35333,-7.88036,11.887
4.87339,-7.873,11.8876
6.39343,-7.8685,11.8922
7.91297,-7.86625,11.8866
9.43202,-7.86492,11.8786
10.9504,-7.86559,11.891
12.4686,-7.86632,11.9067
13.9864,-7.86802,11.9325
15.5048,-7.86872,11.9641
17.0231,-7.86937,11.9732
18.5414,-7.87062,11.9884
20.0606,-7.87169,11.9977
21.5812,-7.87296,12
23.0963,-7.87296,12
24.6115,-7.87296,12
-24.6309,-6.5608,12
-23.1158,-6.5608,12
-21.6006,-6.5608,12
-20.055,-6.61608,12.0015
-18.533,-6.65539,12.002
-17.0242,-6.68133,11.995
-15.5237,-6.69633,11.9725
-14.0309,-6.70163,11.8749
-12.5386,-6.69785,11.9093
-11.0471,-6.68164,11.8184
-9.54777,-6.65824,11.8836
-8.03791,-6.63363,11.9002
-6.52027,-6.61348,11.9145
-4.9994,-6.5983,11.9149
-3.47773,-6.58707,11.9108
-1.9584,-6.57763,11.8234
-0.43904,-6.5689,11.8979
1.08114,-6.56178,11.9025
2.60028,-6.55372,11.8321
4.11883,-6.54953,11.9052
5.63761,-6.54468,11.8357
7.15546,-6.54396,11.9138
8.67326,-6.54167,11.8368
10.1916,-6.54377,11.9055
11.7098,-6.54502,11.8304
13.2268,-6.54778,11.9321
14.7449,-6.55014,11.9549
16.2637,-6.55247,11.9734
17.7822,-6.5545,11.9847
19.3008,-6.55685,11.9931
20.8198,-6.55946,11.9987
22.3388,-6.5608,12
23.8539,-6.5608,12
25.3691,-6.5608,12
-25.3885,-5.24864,12
-23.8733,-5.24864,12
-22.3582,-5.24864,12
-20.8215,-5.26223,12.0002
-19.297,-5.28223,12.0002
-17.7841,-5.29479,11.9981
-16.2799,-5.30098,11.9858
-14.7812,-5.30233,11.9612
-13.2855,-5.29909,11.9357
-11.7883,-5.29163,11.9142
-10.2877,-5.27897,11.8523
-8.78042,-5.26813,11.9161
-7.26635,-5.25776,11.93
-5.74878,-5.24988,11.9307
-4.22926,-5.24404,11.9267
-2.70957,-5.23978,11.9157
-1.19118,-5.23292,11.8507
0.327126,-5.22914,11.9228
1.84546,-5.22514,11.9302
3.36296,-5.22188,11.928
4.88052,-5.22088,11.9354
6.39771,-5.22127,11.9406
7.91553,-5.22176,11.9381
9.43262,-5.22247,11.9272
10.9502,-5.22446,11.9204
12.4679,-5.22756,11.9208
13.9863,-5.23128,11.8546
15.5035,-5.23431,11.9525
17.0228,-5.23715,11.9688
18.5413,-5.24054,11.9761
20.0607,-5.24458,11.9839
21.5812,-5.24864,12
23.0963,-5.24864,12
24.6115,-5.24864,12
-24.6309,-3.93648,12
-23.1158,-3.93648,12
-21.6006,-3.93648,12
-20.0627,-3.9358,12.0005
-18.5428,-3.93236,12.0001
-17.0343,-3.92687,11.997
-15.5326,-3.92063,11.9874
-14.0344,-3.91458,11.9699
-12.5361,-3.90928,11.9493
-11.0349,-3.90453,11.9288
-9.52874,-3.90088,11.9291
-8.01776,-3.89913,11.9372
-6.50321,-3.899,11.8877
-4.98566,-3.89933,11.9455
-3.46678,-3.89798,11.889
-1.94705,-3.89608,11.9453
-0.427505,-3.89109,11.9588
1.0908,-3.88368,11.9123
2.60626,-3.8828,11.9759
4.1217,-3.88269,11.9201
5.63782,-3.88959,11.9802
7.15582,-3.89549,11.9813
8.67375,-3.8995,11.961
10.1902,-3.90186,11.8886
11.7081,-3.9059,11.927
13.2257,-3.91027,11.9297
14.7433,-3.91461,11.9398
16.2626,-3.9189,11.9492
17.782,-3.92382,11.8991
19.3005,-3.92829,11.9682
20.8196,-3.93346,11.9835
22.3388,-3.93648,12
23.8539,-3.93648,12
25.3691,-3.93648,12
-25.3885,-2.62432,12
-23.8733,-2.62432,12
-22.3582,-2.62432,12
-20.8239,-2.61214,12.0001
-19.3003,-2.58919,12
-17.7881,-2.5682,11.9994
-16.2841,-2.55068,11.997
-14.7848,-2.53796,11.9907
-13.2866,-2.53064,11.9787
-11.7869,-2.52777,11.9308
-10.2826,-2.53,11.9571
-8.77448,-2.53485,11.921
-7.26256,-2.54318,11.9552
-5.74617,-2.54993,11.9595
-4.2265,-2.55401,11.9676
-2.70578,-2.55501,11.9838
-1.18379,-2.55089,12.0028
0.33569,-2.5453,12.0237
1.84949,-2.54091,12.0359
3.36239,-2.54249,12.0379
4.87487,-2.55046,12.0342
6.39231,-2.56105,12.0245
7.91174,-2.57083,12.0049
9.43045,-2.578,11.9765
10.9485,-2.58347,11.9524
12.4662,-2.58796,11.8925
13.9829,-2.59299,11.9435
15.5013,-2.59832,11.9031
17.0207,-2.60509,11.9575
18.5405,-2.61126,11.9618
20.061,-2.61749,11.9184
21.5812,-2.62432,12
23.0963,-2.62432,12
24.6115,-2.62432,12
-24.6309,-1.31216,12
-23.1158,-1.31216,12
-21.6006,-1.31216,12
-20.0623,-1.26497,11.9979
-18.5431,-1.22343,11.997
-17.0361,-1.18955,11.9978
-15.536,-1.16535,11.9992
-14.0388,-1.15152,11.9963
-12.5409,-1.14753,11.9887
-11.0401,-1.15202,11.9842
-9.53539,-1.16328,11.981
-8.02659,-1.17852,11.9813
-6.51106,-1.19293,11.9867
-4.99084,-1.20367,12.0019
-3.46809,-1.20928,11.9935
-1.94393,-1.20997,12.049
-0.421588,-1.20297,12.0495
1.09334,-1.19639,12.0954
2.60404,-1.19421,12.084
4.11365,-1.20373,12.1011
5.62629,-1.21886,12.0538
7.14552,-1.23614,12.0628
8.66625,-1.24765,12.0064
10.186,-1.25676,11.9982
11.7047,-1.26391,11.952
13.2229,-1.27082,11.9664
14.7401,-1.27695,11.9712
16.2584,-1.28411,11.9764
17.7787,-1.29158,11.9748
19.2991,-1.29992,11.9796
20.8189,-1.30795,11.9867
22.3388,-1.31216,12
23.8539,-1.31216,12
25.3691,-1.31216,12
-25.3885,9.38967e-07,12
-23.8733,9.38967e-07,12
-22.3582,9.38967e-07,12
-20.8211,0.0379638,11.9954
-19.298,0.105884,11.9918
-17.7882,0.16256,11.9929
-16.2874,0.20417,12.0007
-14.7911,0.229672,12.01
-13.2958,0.239889,12.0166
-11.7987,0.236121,12.0185
-10.2985,0.220502,12.0265
-8.79388,0.197759,12.02
-7.28072,0.174105,12.0191
-5.76011,0.153926,12.0373
-4.23664,0.138658,12.0601
-2.70945,0.132206,12.0855
-1.18295,0.135969,12.1082
0.335938,0.148719,12.1122
1.84563,0.160745,12.1274
3.3539,0.155597,12.1261
4.86096,0.131407,12.1147
6.3767,0.103981,12.1094
7.89923,0.0842385,12.0952
9.42175,0.0718076,12.0666
10.9411,0.0635373,12.0324
12.4612,0.054873,12.0109
13.9799,0.046836,12.0047
15.4968,0.038971,12.0072
17.0161,0.0301809,11.9999
18.5371,0.0203088,12.0055
20.0584,0.0106918,11.9885
21.5812,9.38967e-07,12
23.0963,9.38967e-07,12
24.6115,9.38967e-07,12
-24.6309,1.31216,12
-23.1158,1.31216,12
-21.6006,1.31216,12
-20.0591,1.41505,11.9874
-18.5426,1.50309,11.9852
-17.0397,1.5695,11.9987
-15.5432,1.61243,12.0251
-14.05,1.63432,12.0452
-12.5567,1.63599,12.0579
-11.0613,1.61905,12.072
-9.56204,1.58939,12.075
-8.05355,1.55415,12.0776
-6.53401,1.52171,12.0841
-5.01081,1.49479,12.1099
-3.48026,1.47911,12.1308
-1.94823,1.47706,12.1338
-0.426066,1.49172,12.1185
1.08402,1.52161,12.0999
2.59322,1.5276,12.0863
4.10082,1.50858,12.1162
5.60835,1.45769,12.1084
7.12617,1.42236,12.1508
8.65275,1.40372,12.1272
10.1776,1.39065,12.1418
11.6961,1.38331,12.0878
13.2176,1.37424,12.0466
14.736,1.36285,12.0873
16.2534,1.35341,12.0545
17.7741,1.34127,12.0773
19.2957,1.33089,12.0301
20.8174,1.31907,12.01
22.3388,1.31216,12
23.8539,1.31216,12
25.3691,1.31216,12
-25.3885,2.62432,12
-23.8733,2.62432,12
-22.3582,2.62432,12
-20.8157,2.6975,11.9959
-19.2976,2.82748,11.985
-17.7938,2.92848,11.9949
-16.2958,2.99462,12.0434
-14.8027,3.0338,12.0897
-13.312,3.04696,12.1121
-11.8209,3.03381,12.1321
-10.3281,2.99894,12.1498
-8.82626,2.9503,12.1884
-7.31163,2.90408,12.1483
-5.78987,2.85806,12.2204
-4.25767,2.83098,12.193
-2.71827,2.81921,12.1935
-1.18536,2.82435,12.1006
0.299735,2.8285,11.7811
1.82191,2.86166,11.816
3.34244,2.8325,11.7307
4.86205,2.78982,11.7509
6.35207,2.76255,12.0245
7.87456,2.73758,12.1732
9.40715,2.72173,12.1788
10.9311,2.7139,12.1441
12.4525,2.70405,12.121
13.9742,2.69317,12.1086
15.492,2.68094,12.1133
17.0104,2.6657,12.1063
18.5332,2.6535,12.0726
20.0557,2.64009,12.0424
21.5812,2.62432,12
23.0963,2.62432,12
24.6115,2.62432,12
-24.6309,3.93648,12
-23.1158,3.93648,12
-21.6006,3.93648,12
-20.0629,4.12689,12.0132
-18.5569,4.27816,12.0129
-17.0515,4.37343,12.0404
-15.5568,4.4317,12.1863
-14.0643,4.46403,12.2175
-12.5736,4.46413,12.1816
-11.0883,4.42514,12.2995
-9.59512,4.37224,12.2321
-8.08773,4.30646,12.2435
-6.57099,4.24208,12.2751
-5.04321,4.19447,12.2734
-3.50078,4.16148,12.3323
-1.94991,4.15267,12.2448
-0.475827,4.15522,11.762
1.02836,4.15061,11.4891
2.56732,4.13914,11.4437
4.10585,4.12241,11.4798
5.59399,4.10041,11.8185
7.07952,4.06105,12.2375
8.62897,4.05015,12.2416
10.1659,4.03774,12.3284
11.6883,4.03616,12.196
13.2095,4.02514,12.1787
14.7296,4.00371,12.2838
16.2501,3.98715,12.2785
17.7669,3.97592,12.1131
19.2939,3.96037,12.1816
20.8147,3.94512,12.0323
22.3388,3.93648,12
23.8539,3.93648,12
25.3691,3.93648,12
-25.3885,5.24864,12
-23.8733,5.24864,12
-22.3582,5.24864,12
-20.8221,5.3831,12.1306
-19.3354,5.6169,12.1007
-17.8221,5.74429,12.082
-16.3118,5.83154,12.1443
-14.8128,5.88668,12.2111
-13.3185,5.90418,12.2457
-11.8323,5.87935,12.2986
-10.3475,5.81836,12.3305
-8.85488,5.73148,12.3589
-7.34912,5.63867,12.4731
-5.83277,5.57461,12.3955
-4.30017,5.52514,12.3816
-2.75784,5.48645,12.4683
-1.245,5.48482,12.0879
0.228796,5.51035,11.6286
1.77595,5.4766,11.5972
3.32317,5.46102,11.592
4.86807,5.45484,11.6412
6.29807,5.37634,12.252
7.85462,5.36974,12.3315
9.39627,5.37038,12.3353
10.9288,5.3667,12.2903
12.4502,5.34466,12.4408
13.9657,5.34431,12.2413
15.4824,5.32178,12.2222
16.9992,5.30186,12.1568
18.5245,5.283,12.0903
20.051,5.26513,12.0391
21.5812,5.24864,12
23.0963,5.24864,12
24.6115,5.24864,12
-24.6309,6.5608,12
-23.1158,6.5608,12
-21.6006,6.5608,12
-20.1611,6.93588,12.3371
-18.6208,7.09912,12.2367
-17.0855,7.21859,12.181
-15.5735,7.29745,12.3593
-14.0617,7.34365,12.2857
-12.5644,7.34212,12.3645
-11.0796,7.28555,12.4353
-9.59581,7.19088,12.4818
-8.1109,7.07048,12.5345
-6.60666,6.96672,12.6662
-5.10387,6.91011,12.4506
-3.58653,6.86599,12.4972
-2.05607,6.82538,12.4283
-0.546565,6.80061,12.1976
0.983607,6.71735,12.1829
2.52257,6.72074,12.0363
4.05016,6.6523,12.24
5.57116,6.70017,12.2146
7.09699,6.68176,12.4363
8.63558,6.67892,12.6239
10.1657,6.69763,12.4357
11.6919,6.69551,12.372
13.2099,6.68176,12.3588
14.7274,6.66772,12.3423
16.2344,6.63675,12.2791
17.7538,6.61032,12.1389
19.2824,6.58825,12.0489
20.8122,6.56968,12.0103
22.3388,6.5608,12
23.8539,6.5608,12
25.3691,6.5608,12
-25.3885,7.87296,12
-23.8733,7.87296,12
-22.3582,7.87296,12
-21.0456,8.22817,12.7943
-19.4323,8.39855,12.6717
-17.8849,8.58481,12.3551
-16.3444,8.70505,12.2916
-14.8128,8.77239,12.36
-13.2985,8.79629,12.4149
-11.7961,8.75657,12.6208
-10.3027,8.67031,12.5684
-8.8358,8.53028,12.7972
-7.37366,8.4004,12.5301
-5.89625,8.30395,12.4039
-4.42288,8.26319,12.6928
-2.90692,8.21516,12.5749
-1.3772,8.14198,12.726
0.161043,8.08377,12.5161
1.70839,8.02921,12.4972
3.25217,7.98957,12.557
4.78302,7.98985,12.5862
6.32894,7.99329,12.5965
7.87912,8.01155,12.6181
9.41469,8.03006,12.6372
10.936,8.0295,12.5794
12.4645,8.03021,12.5225
13.9754,8.00969,12.5103
15.4962,7.94334,12.728
16.9775,7.93932,12.2636
18.5103,7.91096,12.0923
20.0463,7.88963,12.0209
21.5812,7.87296,12
23.0963,7.87296,12
24.6115,7.87296,12
-24.6309,9.18512,12
-23.1158,9.18512,12
-21.6205,9.61786,14.0202
-20.239,9.71518,12.9203
-18.6981,9.93139,12.5162
-17.1417,10.1008,12.5405
-15.5998,10.1859,12.3665
-14.0762,10.2351,12.636
-12.5213,10.2083,12.5519
-10.9995,10.1558,12.673
-9.5208,10.0323,12.7675
-8.09491,9.86437,12.5657
-6.69005,9.7128,12.1941
-5.22176,9.66133,12.28
-3.78753,9.64313,12.6188
-2.26777,9.56194,12.7342
-0.702658,9.48962,12.6148
0.85568,9.42372,12.6512
2.44369,9.37219,12.6929
3.98301,9.32394,12.9784
5.55272,9.32485,12.7487
7.09883,9.32653,12.711
8.64978,9.33824,12.9592
10.196,9.34871,12.9922
11.7066,9.36285,12.6732
13.2264,9.35478,12.8961
14.7286,9.31757,12.5992
16.2179,9.27332,12.3993
17.7451,9.23446,12.1833
19.2787,9.20807,12.0504
20.8119,9.19123,12.0069
22.3388,9.18512,12
23.8539,9.18512,12
25.3691,9.18512,12
-25.3885,10.4973,12
-23.8733,10.4973,12
-22.3582,10.4973,12
-21.006,11.009,12.9651
-19.5318,11.2771,12.3999
-17.9525,11.4892,12.365
-16.4305,11.6228,12.4151
-14.9028,11.6551,12.4525
-13.2998,11.6409,12.5694
-11.7617,11.5985,12.7422
-10.1741,11.5222,12.8584
-8.68391,11.3777,12.9224
-7.53271,11.1021,11.9267
-6.06524,10.9888,11.7122
-4.78631,11.0786,12.6549
-3.24126,11.0151,12.8606
-1.64377,10.8671,12.5256
-0.0440005,10.8566,12.7684
1.5783,10.7205,12.5749
3.17774,10.7351,12.9481
4.75049,10.6266,12.641
6.33947,10.6928,12.9332
7.8852,10.6036,12.4773
9.43448,10.5933,12.4624
10.9625,10.7143,12.6907
12.4619,10.7244,12.7382
13.9993,10.6958,12.6865
15.4704,10.6666,12.5764
16.9858,10.5643,12.2848
18.5166,10.5266,12.0947
20.0499,10.5074,12.0223
21.5812,10.4973,12
23.0963,10.4973,12
24.6115,10.4973,12
-24.6309,11.8094,12
-23.1158,11.8094,12
-21.6006,11.8094,12
-20.3733,12.567,11.7557
-18.7701,12.8148,11.9903
-17.2644,13.1301,12.4095
-15.848,13.1846,12.5652
-14.2248,12.9833,12.3898
-12.6746,13.0606,12.9593
-11.0047,12.8506,12.8934
-9.28878,12.9194,13.029
-8.31601,12.4743,11.8922
-7.12261,12.2463,10.9483
-5.7348,12.3588,11.8215
-4.18509,12.291,12.0959
-2.59483,12.1642,12.028
-0.974132,12.045,11.9426
0.672544,11.949,11.9597
2.30725,11.8734,12.0094
3.91987,11.8261,12.0549
5.53304,11.7912,12.0403
7.11093,11.7796,11.9271
8.67453,11.8106,11.8507
10.2147,11.9011,12.1496
11.714,12.1657,12.8881
13.258,11.9891,12.4616
14.7305,12.1404,12.8675
16.2295,11.9034,12.3471
17.7614,11.8458,12.1314
19.2903,11.8233,12.031
20.8166,11.8117,12.003
22.3388,11.8094,12
23.8539,11.8094,12
25.3691,11.8094,12
-25.3885,13.1216,12
-23.8733,13.1216,12
-23.0865,15.6088,8.71032
-21.3345,13.8851,10.5966
-19.5142,14.0496,11.2276
-17.9969,14.4056,11.9142
-16.5125,14.6112,12.0705
-15.0611,14.419,11.959
-13.5896,14.2538,12.1262
-12.0581,14.0702,12.2605
-10.5534,14.0259,12.488
-9.41982,13.6022,11.6744
-8.0895,13.7111,11.0744
-6.69719,13.7278,11.4018
-5.18743,13.6779,11.5784
-3.60841,13.4687,11.4931
-1.99341,13.2511,11.1202
-0.286176,13.1875,11.3677
1.37581,13.0324,11.1273
3.052,13.0301,11.4437
4.69871,12.904,11.2038
6.31789,12.9689,11.4203
7.90794,12.8986,10.9795
9.49166,12.9106,11.0917
10.9635,13.0902,11.8157
12.5263,13.1396,11.9621
14.1158,12.9842,11.5598
15.516,13.1865,12.0756
17.0253,13.1596,12.0307
18.5396,13.1397,11.984
20.0604,13.1269,11.9905
21.5812,13.1216,12
23.0963,13.1216,12
24.6115,13.1216,12
-24.6309,14.4338,12
-23.2329,13.9466,9.7105
-21.6006,14.4338,12
-20.0872,15.1806,11.4655
-18.5747,15.71,11.828
-17.2005,16.1077,12.2837
-15.7752,16.1195,12.0847
-14.5013,15.8053,11.5115
-13.1522,15.2559,11.3592
-11.7333,14.8804,11.299
-10.4002,14.8215,11.4517
-9.08156,15.0455,11.1634
-7.65695,15.1943,11.2358
-6.18733,15.1384,11.1284
-4.63102,14.9158,11.1779
-2.9647,14.6965,11.2619
-1.25956,14.54,11.3001
0.466444,14.4459,11.2677
2.15233,14.3564,11.3643
3.83888,14.3009,11.4072
5.45667,14.2684,11.4296
7.07944,14.2584,11.333
8.64219,14.2523,11.2654
10.1743,14.3095,11.3694
11.7178,14.3737,11.5684
13.2769,14.3601,11.5726
14.7594,14.4097,11.6404
16.284,14.4509,11.7356
17.7854,14.454,11.8288
19.3035,14.4409,11.9173
20.8211,14.4358,11.9816
22.3388,14.4338,12
23.8539,14.4338,12
25.3691,14.4338,12
-25.3885,15.7459,12
-23.8733,15.7459,12
-22.3582,15.7459,12
-20.7538,16.1862,11.5653
-19.207,16.9425,11.7973
-17.9565,17.6378,12.2344
-16.2609,17.9142,12.6648
-14.5103,17.877,12.2719
-13.6382,17.4892,11.6507
-12.3952,16.6241,11.5109
-11.1334,15.9284,12.2211
-9.75305,15.8446,12.4019
-8.57615,16.4495,11.8126
-7.10889,16.6322,11.4973
-5.57271,16.4101,11.5566
-3.95572,16.1025,11.5931
-2.24337,15.9061,11.4732
-0.507689,15.8018,11.2433
1.24064,15.7046,11.3981
2.9468,15.6372,11.4969
4.61082,15.605,11.5515
6.23879,15.58,11.5648
7.83304,15.5849,11.4816
9.37915,15.6281,11.1845
10.9361,15.6499,11.2215
12.4776,15.6704,11.4935
14.0002,15.6957,11.2238
15.5146,15.7232,11.5574
17.0579,15.736,11.3732
18.5406,15.7483,11.8073
20.0605,15.7485,11.9437
21.5812,15.7459,12
23.0963,15.7459,12
24.6115,15.7459,12
-24.6309,17.0581,12
-23.1158,17.0581,12
-21.6006,17.0581,12
-20.0223,17.7276,11.5191
-18.4173,18.355,12.0485
-17.7274,19.6796,12.7232
-9.66073,20.5419,13.4539
-9.94645,21.6688,12.2823
-13.5382,19.0904,7.71441
-11.6308,17.3919,12.8777
-10.5454,16.5695,13.677
-9.19692,17.1328,13.1516
-7.92683,17.7664,12.457
-6.42183,17.9014,12.042
-4.85395,17.5663,12.0146
-3.18444,17.2425,11.9389
-1.44486,17.0861,11.6953
0.309136,17.0087,11.5158
2.05317,16.9533,11.5808
3.75,16.9262,11.5426
5.39921,16.9036,11.7012
7.01249,16.8993,11.7131
8.59228,16.9104,11.6364
10.1418,16.9304,11.575
11.6823,16.9666,11.5654
13.2223,16.9908,11.5695
14.74,17.0133,11.5779
16.2682,17.0296,11.6495
17.7778,17.0419,11.7651
19.2983,17.0564,11.9
20.8191,17.0586,11.9804
22.3388,17.0581,12
23.8539,17.0581,12
25.3691,17.0581,12
-25.3885,18.3702,12
-23.8733,18.3702,12
-22.3582,18.3702,12
-20.8368,18.7568,12.8397
-20.5264,19.138,12.7114
-19.0756,19.8479,13.3755
-22.0027,18.376,14.3988
-14.5072,20.1642,18.9899
-21.6435,17.8406,6.80509
-6.18896,21.2915,13.128
-10.8864,18.4879,14.2177
-10.0732,18.1428,14.349
-8.49639,18.5013,13.7541
-7.17585,19.0428,13.0031
-5.61826,18.971,12.7081
-4.01011,18.6025,12.5268
-2.34289,18.3985,12.0803
-0.588238,18.2779,11.877
1.1631,18.2336,11.7726
2.88562,18.2189,11.7564
4.55948,18.2132,11.7977
6.19337,18.2174,11.8389
7.79098,18.2272,11.8342
9.35849,18.2457,11.7861
10.9066,18.2708,11.7357
12.4415,18.3063,11.5534
13.9724,18.3203,11.6821
15.4994,18.3436,11.5469
17.012,18.3506,11.7831
18.5319,18.3601,11.8992
20.0563,18.368,11.9707
21.5812,18.3702,12
23.0963,18.3702,12
24.6115,18.3702,12
-24.6309,19.6824,12
-23.1158,19.6824,12
-21.6006,19.6824,12
-16.6364,14.4791,23.7952
-15.5272,13.1373,23.8431
-16.012,21.3186,11.6851
-18.8053,18.4123,11.4385
-19.1963,16.411,14.3483
-12.2529,20.258,15.6143
-5.0369,20.8544,15.6349
-12.2526,20.2761,13.8335
-9.52416,19.6332,14.288
-7.85717,20.0306,13.9177
-6.30619,20.1909,13.5132
-4.6751,19.944,13.2186
-3.0856,19.7109,12.6581
-1.42025,19.5606,12.2018
0.308997,19.507,11.9709
2.03212,19.5037,11.821
3.72666,19.5141,11.8456
5.37732,19.5283,11.8781
6.98975,19.5449,11.8895
8.57094,19.5637,11.882
10.1284,19.5851,11.8492
11.6711,19.6059,11.7964
13.2024,19.6282,11.7582
14.7293,19.6435,11.7531
16.2499,19.6567,11.7952
17.77,19.67,11.8711
19.2922,19.6761,11.9364
20.8153,19.6806,11.9793
22.3388,19.6824,12
23.8495,19.6834,11.998
25.3691,19.6824,12
-25.3885,20.9946,12
-23.8733,20.9946,12
-22.3582,20.9946,12
-20.843,20.9946,12
-19.3279,20.9946,12
-17.4336,23.9796,11.5488
-14.6421,22.6654,14.1144
-12.231,21.0392,16.4258
-10.6398,20.0293,15.265
-12.2902,19.6871,13.237
-10.7201,20.4387,12.7026
-10.1934,20.4145,13.2902
-8.75013,20.9069,13.3151
-7.14422,21.1396,12.8711
-5.46632,21.2495,13.1008
-3.77938,21.092,12.9069
-2.15489,20.8865,12.4649
-0.479799,20.7888,12.1634
1.21964,20.7764,11.9632
2.91086,20.7991,11.8784
4.57142,20.8279,11.8581
6.19442,20.8541,11.8527
7.78475,20.8763,11.8444
9.35056,20.9002,11.8326
10.8988,20.9212,11.8146
12.437,20.9405,11.7748
13.9653,20.9548,11.638
15.4879,20.9667,11.7912
17.0133,20.9764,11.6995
18.529,20.9864,11.8919
20.0503,20.9918,11.9428
21.5714,20.9945,11.9811
23.0923,20.9952,11.9969
24.6115,20.9946,12
-24.6309,22.3067,12
-23.1158,22.3067,12
-21.6006,22.3067,12
-20.0855,22.3067,12
-18.5703,22.3067,12
-16.0378,20.1843,9.96626
-14.2089,22.8576,11.3912
-13.6474,21.5891,14.1358
-12.0231,20.6387,14.9183
-10.404,20.9599,13.7145
-10.9547,21.2158,11.7709
-9.13437,21.036,11.851
-7.80878,21.5134,12.1982
-6.34676,22.0938,12.3411
-4.76119,22.4109,12.7796
-3.04465,22.3973,12.8957
-1.36654,22.2211,12.6173
0.284315,22.0915,12.2559
1.95065,22.0539,11.9572
3.6332,22.0772,11.8938
5.29427,22.1162,11.8572
6.92203,22.1531,11.7534
8.51902,22.1869,11.841
10.0924,22.2114,11.8444
11.6439,22.2338,11.7241
13.1853,22.2509,11.8129
14.7148,22.2695,11.6703
16.2396,22.2761,11.8
17.7645,22.2864,11.822
19.2864,22.2948,11.8351
20.8069,22.3051,11.8703
22.3258,22.3061,11.921
23.8472,22.3066,11.9691
25.3691,22.3067,12
-25.3885,23.6189,12
-23.8733,23.6189,12
-22.3582,23.6189,12
-20.843,23.6189,12
-19.3279,23.6189,12
-17.3438,24.1519,10.6496
-15.3584,22.778,13.3463
-14.6347,20.641,13.8967
-13.3964,21.0276,13.0783
-11.5622,22.1268,12.4409
-11.2259,22.3972,11.0313
-9.63171,22.3476,11.0798
-8.04143,22.5002,11.0539
-6.66644,23.0543,11.6022
-5.25935,23.5002,12.3181
-3.60031,23.4669,12.3629
-1.94315,23.3835,12.1964
-0.294657,23.3449,11.9595
1.36426,23.3616,11.8858
3.0116,23.4039,11.8691
4.63777,23.4489,11.8518
6.23422,23.4912,11.7408
7.80848,23.5214,11.8349
9.36407,23.5445,11.8471
10.9064,23.5628,11.8333
12.44,23.5772,11.8379
13.9678,23.5876,11.8276
15.4909,23.5982,11.6962
17.0127,23.6048,11.8216
18.5509,23.6189,12
20.066,23.6189,12
21.5812,23.6189,12
23.0963,23.6189,12
24.6115,23.6189,12
-24.6309,24.931,12
-23.1158,24.931,12
-21.6006,24.931,12
-20.0855,24.931,12
-18.5703,24.931,12
-17.0552,24.931,12
-15.54,24.931,12
-14.0249,24.931,12
-12.5097,24.931,12
-10.9946,24.931,12
-9.47941,24.931,12
-7.96426,24.931,12
-6.44826,24.9294,12.0294
-4.93395,24.931,12
-3.4291,24.9478,12.1981
-1.90365,24.931,12
-0.386414,24.9298,12.0712
1.12665,24.931,12
2.6418,24.931,12
4.15695,24.931,12
5.67211,24.931,12
7.18726,24.931,12
8.70241,24.931,12
10.2176,24.931,12
11.7327,24.931,12
13.2479,24.931,12
14.763,24.931,12
16.2782,24.931,12
17.7933,24.931,12
19.3085,24.931,12
20.8236,24.931,12
22.3388,24.931,12
23.8539,24.931,12
25.3691,24.931,12
