,Type,Index,Particle,Molecule,Molecule Index,X,Y,Z,Occupancy,Atom
0,ATOM,1,COM,A,0,-17.89419269763876,13.043798448918373,-4.083059845245442,0,0CL
1,ATOM,2,b,A,0,-16.599957561441435,13.511058809211326,-4.705719598185361,0,0CL
2,ATOM,3,c,A,0,-16.94034263161508,12.617476633038946,-2.738950191663611,0,0CL
3,ATOM,4,d,A,0,-17.9241397579973,13.515461016751416,-6.0385617234549676,0,0CL
4,ATOM,5,p,A,0,-18.10611330312492,12.539492938945573,-5.828819167025333,0,0CL
5,ATOM,6,q,A,0,-17.833409772730345,12.045971697356507,-2.840356256328483,0,0CL
6,ATOM,85,COM,A,14,5.215192839839501,-20.656467890888692,-3.736860904956397,0,0CL
7,ATOM,86,b,A,14,6.1463426834032076,-20.863147184660875,-4.907866728322412,0,0CL
8,ATOM,87,c,A,14,5.1988379297723375,-22.35522627011474,-3.618220751862953,0,0CL
9,ATOM,88,d,A,14,5.628378027021526,-19.05706074821755,-4.882898772160573,0,0CL
10,ATOM,89,p,A,14,4.6606013518409055,-19.358209781059145,-4.898916480951511,0,0CL
11,ATOM,90,q,A,14,4.325344799570834,-21.882035324784248,-3.2360636104302483,0,0CL
12,ATOM,235,COM,A,39,2.901034887873771,-4.938463372556224,0.4785503365517907,0,0CL
13,ATOM,236,b,A,39,1.76719534105057,-5.51286121157599,-0.33768247618559477,0,0CL
14,ATOM,237,c,A,39,1.6803730709269615,-4.222262013892813,1.4257949419715281,0,0CL
15,ATOM,238,d,A,39,3.371211716287496,-5.818727763049554,-1.2671049423770793,0,0CL
16,ATOM,239,p,A,39,3.5600545059116624,-4.823417308607345,-1.2226808488580818,0,0CL
17,ATOM,240,q,A,39,2.607060691962063,-3.696929723670447,1.4362848356810858,0,0CL
18,ATOM,265,COM,A,44,-1.5561837919032373,-7.863867711707594,0.331335890517515,0,0CL
19,ATOM,266,b,A,44,-0.4671896879721148,-8.340392808686873,-0.6002593400156515,0,0CL
20,ATOM,267,c,A,44,-1.6011623669752675,-9.47141233450783,0.8897006579326794,0,0CL
21,ATOM,268,d,A,44,-0.9697987873066591,-6.607536032881144,-1.1262883200255742,0,0CL
22,ATOM,269,p,A,44,-1.9277033433270114,-6.932278195237602,-1.1979918035079,0,0CL
23,ATOM,270,q,A,44,-2.5176418562804583,-8.94239476314104,1.0065927229674263,0,0CL
24,ATOM,271,COM,A,45,-6.947145068319344,-6.142242143929535,0.2282440840785771,0,0CL
25,ATOM,272,b,A,45,-5.825494629797048,-5.376128747873914,-0.4325520706824124,0,0CL
26,ATOM,273,c,A,45,-5.713651839197751,-6.962888016504603,1.0676109916563727,0,0CL
27,ATOM,274,d,A,45,-7.421155728533126,-4.979678579466431,-1.3427316804023839,0,0CL
28,ATOM,275,p,A,45,-7.559425673609732,-5.97370901051504,-1.4868390169187813,0,0CL
29,ATOM,276,q,A,45,-6.610934004881179,-7.523893249238793,0.9519224270041238,0,0CL
30,ATOM,277,COM,A,46,-11.941192479770981,8.093754454541154,-1.1339986624626284,0,0CL
31,ATOM,278,b,A,46,-12.784563474288158,7.247296621980263,-2.0581174336730297,0,0CL
32,ATOM,279,c,A,46,-13.384461002076018,8.932388910130436,-0.7992656010212116,0,0CL
33,ATOM,280,d,A,46,-10.978282910802369,6.8397207434816405,-2.3763350152733196,0,0CL
34,ATOM,281,p,A,46,-10.808611680713371,7.825229547195403,-2.544766222247371,0,0CL
35,ATOM,282,q,A,46,-12.501176780168777,9.512098473397133,-0.6641552550559802,0,0CL
36,ATOM,409,COM,A,68,6.005164469238543,-8.067610006475617,-0.2450689594368376,0,0CL
37,ATOM,410,b,A,68,6.953592556021561,-8.514059750786693,-1.3322201862703869,0,0CL
38,ATOM,411,c,A,68,6.081458386095414,-9.677736448033604,0.30067372759289857,0,0CL
39,ATOM,412,d,A,68,6.3382474711284305,-6.791866868084863,-1.7646228935573016,0,0CL
40,ATOM,413,p,A,68,5.387667834588173,-7.139536999073476,-1.6948673589141798,0,0CL
41,ATOM,414,q,A,68,5.180939757776756,-9.171826753191866,0.5571841186420898,0,0CL
42,ATOM,451,COM,A,75,-3.7254049958715205,5.7261218977025345,0.33610918909067244,0,0CL
43,ATOM,452,b,A,75,-3.6185757744358122,4.385000904654859,-0.3490411589748421,0,0CL
44,ATOM,453,c,A,75,-5.066006243875925,5.057861578554822,1.1460606936276023,0,0CL
45,ATOM,454,d,A,75,-2.4623894122951913,5.582078614877199,-1.2213249727011637,0,0CL
46,ATOM,455,p,A,75,-3.250804731548131,6.203936758591897,-1.363980969641345,0,0CL
47,ATOM,456,q,A,75,-5.097300454374099,6.11776581727808,1.0510202962917692,0,0CL
48,ATOM,511,COM,A,85,20.959058637058316,-16.03120126209877,-7.075832059633505,0,0CL
49,ATOM,512,b,A,85,20.58481151897542,-14.600355840863577,-7.382997284125009,0,0CL
50,ATOM,513,c,A,85,22.51425329095975,-15.416341853204928,-6.753153433488039,0,0CL
51,ATOM,514,d,A,85,19.17106605981441,-15.706747888710314,-7.9382093275490995,0,0CL
52,ATOM,515,p,A,85,19.83275308233048,-16.22927244663716,-8.503052996715343,0,0CL
53,ATOM,516,q,A,85,22.50212441946653,-16.435945446588676,-7.060271330777081,0,0CL
54,ATOM,775,COM,A,129,-0.022216620779460017,-0.7672915176243593,0.8096998100239596,0,0CL
55,ATOM,776,b,A,129,-0.010868890889310302,-2.0092546846370896,-0.04897866345144486,0,0CL
56,ATOM,777,c,A,129,-1.325320029325953,-1.5016320426611398,1.623300756387223,0,0CL
57,ATOM,778,d,A,129,1.1238249939497251,-0.7391736531593642,-0.8423474057077278,0,0CL
58,ATOM,779,p,A,129,0.3498053291228217,-0.08372184177271313,-0.8446886470945714,0,0CL
59,ATOM,780,q,A,129,-1.325539854591008,-0.43738605900990957,1.6681943857688588,0,0CL
60,ATOM,931,COM,A,155,-0.32281055290057115,-3.5787941023958174,0.7422794585310615,0,0CL
61,ATOM,932,b,A,155,-0.37310374125657797,-2.2929622004362686,-0.0479995523936263,0,0CL
62,ATOM,933,c,A,155,1.017597487586933,-2.887335275335472,1.5323553887281354,0,0CL
63,ATOM,934,d,A,155,-1.54466019598826,-3.5202654926371704,-0.854593689695271,0,0CL
64,ATOM,935,p,A,155,-0.7728221302083136,-4.173761968487708,-0.9273285249809444,0,0CL
65,ATOM,936,q,A,155,1.0184206343471038,-3.9521080913057958,1.5202239090146952,0,0CL
66,ATOM,1141,COM,A,190,-17.914712362507345,0.10025861002102049,-2.0102317331650665,0,0CL
67,ATOM,1142,b,A,190,-16.675236150547267,0.809701954942363,-2.500585544542027,0,0CL
68,ATOM,1143,c,A,190,-16.900662899275268,-0.5665223172947003,-0.8159901826039158,0,0CL
69,ATOM,1144,d,A,190,-18.025563476117814,1.0348231169315596,-3.787519333142729,0,0CL
70,ATOM,1145,p,A,190,-18.125501363829258,0.026765375544630876,-3.824842363963824,0,0CL
71,ATOM,1146,q,A,190,-17.748522198621068,-1.1651895443444495,-1.0525090185756765,0,0CL
72,ATOM,1207,COM,A,201,-16.819175756641087,24.98502970233902,-9.257493024724951,0,0CL
73,ATOM,1208,b,A,201,-15.495358942262783,25.190543169214987,-9.953735982967181,0,0CL
74,ATOM,1209,c,A,201,-15.897727807003038,24.842584598978195,-7.832921486108376,0,0CL
75,ATOM,1210,d,A,201,-16.816732256457158,24.954205828276645,-11.268341332801594,0,0CL
76,ATOM,1211,p,A,201,-17.068167833864496,24.07780301006308,-10.824872900282273,0,0CL
77,ATOM,1212,q,A,201,-16.829797703027527,24.327952744504973,-7.803429736646123,0,0CL
78,ATOM,1525,COM,A,254,13.719387431533823,4.759421696844058,-1.823337241456218,0,0CL
79,ATOM,1526,b,A,254,14.51244471505595,4.058728694597309,-2.900727357270792,0,0CL
80,ATOM,1527,c,A,254,13.958349366088388,3.342214364291994,-0.9102958566359054,0,0CL
81,ATOM,1528,d,A,254,13.752393166188309,5.607193529652647,-3.6473713806587567,0,0CL
82,ATOM,1529,p,A,254,12.842800663357476,5.280479691476848,-3.342273778671463,0,0CL
83,ATOM,1530,q,A,254,13.083126275304338,3.8896540937000763,-0.6483640257637586,0,0CL
84,ATOM,1735,COM,A,289,-18.513985662862662,5.34730109649524,-2.625366398596768,0,0CL
85,ATOM,1736,b,A,289,-18.14384225510786,4.016448995736931,-3.236023866906838,0,0CL
86,ATOM,1737,c,A,289,-19.99799374083392,4.607640689544356,-2.2389553390949652,0,0CL
87,ATOM,1738,d,A,289,-16.84203397355927,5.2749949193529435,-3.7413132456206712,0,0CL
88,ATOM,1739,p,A,289,-17.584366409259534,5.857529454019863,-4.115380179240439,0,0CL
89,ATOM,1740,q,A,289,-20.05365731907649,5.66493831878324,-2.3502849814327895,0,0CL
90,ATOM,1861,COM,A,310,-15.096173086184011,9.228080826586675,-2.169642932875849,0,0CL
91,ATOM,1862,b,A,310,-14.907220566450702,10.264841826238502,-3.25115926418455,0,0CL
92,ATOM,1863,c,A,310,-14.047295726743101,10.196218707643546,-1.2423461475287978,0,0CL
93,ATOM,1864,d,A,310,-15.79249077558953,8.78741988462354,-4.004322635071617,0,0CL
94,ATOM,1865,p,A,310,-15.034464602674692,8.197165417119496,-3.6786510447116005,0,0CL
95,ATOM,1866,q,A,310,-14.044511177956313,9.16584392345586,-0.9721109714353344,0,0CL
96,ATOM,2077,COM,A,346,-8.240075350550562,1.6245026515541714,0.28693451870408726,0,0CL
97,ATOM,2078,b,A,346,-9.148850839178532,0.8950818066050807,-0.6724347231536763,0,0CL
98,ATOM,2079,c,A,346,-9.656104669749038,2.3931940240916525,0.8377925230543308,0,0CL
99,ATOM,2080,d,A,346,-7.370928041760327,0.5555498908359291,-1.1781565880109666,0,0CL
100,ATOM,2081,p,A,346,-7.218388531425752,1.5569667488473289,-1.2285944138710057,0,0CL
101,ATOM,2082,q,A,346,-8.76713373470933,2.962010307426686,0.9794601356817849,0,0CL
102,ATOM,2107,COM,A,351,9.767117375166851,-22.71421460364387,-5.603355076077807,0,0CL
103,ATOM,2108,b,A,351,9.627383034208844,-21.224024036091677,-5.806992956481957,0,0CL
104,ATOM,2109,c,A,351,11.277091577391682,-22.345028781234333,-4.909795607000161,0,0CL
105,ATOM,2110,d,A,351,8.248112677419071,-22.07643024598234,-6.757691613376387,0,0CL
106,ATOM,2111,p,A,351,8.951188398130483,-22.627098767464055,-7.236973065547527,0,0CL
107,ATOM,2112,q,A,351,11.21703554094498,-23.320928035635536,-5.331956616267357,0,0CL
108,ATOM,2113,COM,A,352,-21.56513133974481,6.404966531788572,-4.025273497453402,0,0CL
109,ATOM,2114,b,A,352,-20.268339654958435,7.019444406482532,-4.494951331484902,0,0CL
110,ATOM,2115,c,A,352,-20.671089476504687,5.872296259185812,-2.6775604243330764,0,0CL
111,ATOM,2116,d,A,352,-21.504229170691744,7.111042330499559,-5.906675074012531,0,0CL
112,ATOM,2117,p,A,352,-21.633921453067735,6.108819383915632,-5.828284531006917,0,0CL
113,ATOM,2118,q,A,352,-21.51681298057938,5.267243960916627,-2.9077809078152708,0,0CL
114,ATOM,2125,COM,A,354,7.519344233372619,-0.9795145837913183,0.03643578441069728,0,0CL
115,ATOM,2126,b,A,354,7.405737472527635,-2.217982561564683,-0.8204653603663603,0,0CL
116,ATOM,2127,c,A,354,6.35730697025079,-1.7228214909863133,1.0341262378242462,0,0CL
117,ATOM,2128,d,A,354,8.40217096516526,-0.9398111873785217,-1.7705491634916428,0,0CL
118,ATOM,2129,p,A,354,7.634301255584235,-0.28676802313569455,-1.6519880621823488,0,0CL
119,ATOM,2130,q,A,354,6.359216825504334,-0.6588838640234654,1.0830657758852142,0,0CL
120,ATOM,2185,COM,A,364,7.12499129795372,-18.973223268506974,-3.351093629766341,0,0CL
121,ATOM,2186,b,A,364,8.051451780801093,-18.037031870465796,-4.089712367652068,0,0CL
122,ATOM,2187,c,A,364,8.499232399650607,-19.95872529629612,-3.1451029803902317,0,0CL
123,ATOM,2188,d,A,364,6.2872876073076345,-17.451075182857036,-4.363868398424289,0,0CL
124,ATOM,2189,p,A,364,6.058738940776933,-18.375720449263994,-4.711227921596226,0,0CL
125,ATOM,2190,q,A,364,7.574993318751402,-20.488235326504622,-3.1344611174333084,0,0CL
126,ATOM,2305,COM,A,384,21.280295472912204,-13.31283677236842,-6.360271163368408,0,0CL
127,ATOM,2306,b,A,384,20.91338908408379,-14.287511718625291,-7.454006712290578,0,0CL
128,ATOM,2307,c,A,384,20.446645007452943,-14.3721988670769,-5.319776159183172,0,0CL
129,ATOM,2308,d,A,384,21.60736880523279,-12.737515136451332,-8.259512604189037,0,0CL
130,ATOM,2309,p,A,384,20.912240559117297,-12.194453413359081,-7.759042139161927,0,0CL
131,ATOM,2310,q,A,384,20.473625208355738,-13.361271951289744,-4.9850511381639855,0,0CL
132,ATOM,2335,COM,A,389,-13.829867683350473,24.05532295656083,-7.65116721412052,0,0CL
133,ATOM,2336,b,A,389,-13.682526386616322,22.55461253961566,-7.742752075036467,0,0CL
134,ATOM,2337,c,A,389,-15.36068252748206,23.732058413333498,-6.981239644842772,0,0CL
135,ATOM,2338,d,A,389,-12.274531636202072,23.340890436710097,-8.708202670016162,0,0CL
136,ATOM,2339,p,A,389,-12.9622624992226,23.853931312987275,-9.249033807542254,0,0CL
137,ATOM,2340,q,A,389,-15.287820098094967,24.675966120611953,-7.469415132269246,0,0CL
138,ATOM,2575,COM,A,429,0.591234364446527,6.9712791131441145,0.17542583031723202,0,0CL
139,ATOM,2576,b,A,429,1.5990086580176335,7.497878680488058,-0.8191237505938556,0,0CL
140,ATOM,2577,c,A,429,1.938449629871382,6.3474978077802,1.009729079552672,0,0CL
141,ATOM,2578,d,A,429,-0.11588094261162896,7.708046389537257,-1.5571597874691725,0,0CL
142,ATOM,2579,p,A,429,-0.27331662587259753,6.715749616095155,-1.4159538419407989,0,0CL
143,ATOM,2580,q,A,429,1.0335927471293682,5.810260222804076,1.1761676539379988,0,0CL
144,ATOM,2581,COM,A,430,16.947430064007534,-17.56058619816353,-5.742660311800281,0,0CL
145,ATOM,2582,b,A,430,15.621662420976833,-17.976510253215128,-6.3350591108557115,0,0CL
146,ATOM,2583,c,A,430,16.057154701378145,-17.205680779161835,-4.33569836410649,0,0CL
147,ATOM,2584,d,A,430,16.888400453080546,-17.914587174345204,-7.721312078508186,0,0CL
148,ATOM,2585,p,A,430,17.091201120179054,-16.95543518140268,-7.462813831205063,0,0CL
149,ATOM,2586,q,A,430,16.951969767037834,-16.638038746198855,-4.441393778775696,0,0CL
150,ATOM,2779,COM,A,463,17.725641112728624,-9.971587036334965,-3.860072655032674,0,0CL
151,ATOM,2780,b,A,463,17.345839069102773,-8.603544922166328,-4.373504424130232,0,0CL
152,ATOM,2781,c,A,463,19.234093753217845,-9.27173998016039,-3.494448901202481,0,0CL
153,ATOM,2782,d,A,463,16.00929920383886,-9.81625131448436,-4.895647502789137,0,0CL
154,ATOM,2783,p,A,463,16.726519706298927,-10.382370501002823,-5.335849521760659,0,0CL
155,ATOM,2784,q,A,463,19.27034594297081,-10.320939439483354,-3.671104705790232,0,0CL
156,ATOM,2833,COM,A,472,-10.753324318200036,0.3811987548654834,-0.08281275591412385,0,0CL
157,ATOM,2834,b,A,472,-9.574689232466651,1.0507922525167892,-0.7493237330040476,0,0CL
158,ATOM,2835,c,A,472,-9.598669711810647,-0.32790462133659687,0.9489203209049699,0,0CL
159,ATOM,2836,d,A,472,-11.091435166231255,1.3298940898994873,-1.8226926988206233,0,0CL
160,ATOM,2837,p,A,472,-11.2319305676864,0.3261298476293293,-1.8469906022233888,0,0CL
161,ATOM,2838,q,A,472,-10.493527401107533,-0.8951465967378635,0.8381536415780779,0,0CL
162,ATOM,3043,COM,A,507,-7.689576126768852,-3.6792137517154098,0.3408596362755887,0,0CL
163,ATOM,3044,b,A,507,-7.667156350241159,-2.393464043889895,-0.4516143648418227,0,0CL
164,ATOM,3045,c,A,507,-6.5078245430755794,-2.9430171767124893,1.3204313781058707,0,0CL
165,ATOM,3046,d,A,507,-8.661547347219237,-3.659576894255796,-1.4206622456337121,0,0CL
166,ATOM,3047,p,A,507,-7.863972406518646,-4.285577438074528,-1.3753352878150342,0,0CL
167,ATOM,3048,q,A,507,-6.46723541094723,-4.006663199735403,1.3116758049893567,0,0CL
168,ATOM,3091,COM,A,515,18.711523173253823,-15.658438838697172,-5.83100013738823,0,0CL
169,ATOM,3092,b,A,515,17.382711478776393,-14.953250701868713,-5.96758407603574,0,0CL
170,ATOM,3093,c,A,515,19.088283438914917,-14.448810495057902,-4.693896372341465,0,0CL
171,ATOM,3094,d,A,515,17.512738214949273,-16.228725510171184,-7.341865365024997,0,0CL
172,ATOM,3095,p,A,515,18.38762002378078,-15.80100012142631,-7.625195230021168,0,0CL
173,ATOM,3096,q,A,515,19.93632120653018,-14.872963367190028,-5.178543961585632,0,0CL
174,ATOM,3127,COM,A,521,2.50912140178672,11.51454569695131,-0.876140173537653,0,0CL
175,ATOM,3128,b,A,521,3.556500690238595,10.755102533502471,-1.6558816099208065,0,0CL
176,ATOM,3129,c,A,521,2.611289823645907,10.239017103986482,0.24724062659381074,0,0CL
177,ATOM,3130,d,A,521,2.903494718485508,12.139657767407018,-2.7464571483968836,0,0CL
178,ATOM,3131,p,A,521,1.965890717757814,11.77962019628732,-2.602663250050448,0,0CL
179,ATOM,3132,q,A,521,1.6721762004805214,10.74221120783989,0.2403633718841931,0,0CL
180,ATOM,3205,COM,A,534,-3.2098909053961893,0.43719401086831955,0.7758727964855359,0,0CL
181,ATOM,3206,b,A,534,-2.141841771159094,1.099227544318971,-0.06212460651895846,0,0CL
182,ATOM,3207,c,A,534,-1.916922622829067,-0.27834610283884154,1.6216034663511287,0,0CL
183,ATOM,3208,d,A,534,-3.802548141703397,1.3885886088161048,-0.8943232157383432,0,0CL
184,ATOM,3209,p,A,534,-3.949406625450061,0.38492594718734763,-0.8952437611824982,0,0CL
185,ATOM,3210,q,A,534,-2.8208797083234476,-0.8406924815679211,1.647490488481845,0,0CL
186,ATOM,3379,COM,A,563,-6.462561312375119,3.51463148646536,0.3730207053224728,0,0CL
187,ATOM,3380,b,A,563,-7.475872995451389,3.9893246166027554,-0.6419787356337987,0,0CL
188,ATOM,3381,c,A,563,-6.557438490514769,5.0910798656768215,1.0097544241954712,0,0CL
189,ATOM,3382,d,A,563,-6.83335894336025,2.3125946966646485,-1.1964599963178708,0,0CL
190,ATOM,3383,p,A,563,-5.890500005435133,2.6859203334821444,-1.1539159947484108,0,0CL
191,ATOM,3384,q,A,563,-5.630592009056682,4.599767778320332,1.1947842397014532,0,0CL
192,ATOM,3397,COM,A,566,-16.117794489682524,4.869799210748055,-1.7500037247972107,0,0CL
193,ATOM,3398,b,A,566,-14.798965890308617,4.267849055478343,-2.173962609648354,0,0CL
194,ATOM,3399,c,A,566,-16.314175769111873,3.456683400641248,-0.8203026436341032,0,0CL
195,ATOM,3400,d,A,566,-15.137095139191938,5.761955946168133,-3.261524198820619,0,0CL
196,ATOM,3401,p,A,566,-16.02889129159998,5.349216673467737,-3.5126494968711595,0,0CL
197,ATOM,3402,q,A,566,-17.228289147765764,3.917920513162117,-1.1126980215035147,0,0CL
198,ATOM,3445,COM,A,574,15.905786355892472,3.0600386735541436,-2.402279452490568,0,0CL
199,ATOM,3446,b,A,574,14.579198054489757,3.6041885958497186,-2.8783155232322724,0,0CL
200,ATOM,3447,c,A,574,16.184642417453723,4.630037935302239,-1.8048251738708547,0,0CL
201,ATOM,3448,d,A,574,14.821114643139138,1.9039187227913235,-3.639947798615994,0,0CL
202,ATOM,3449,p,A,574,15.707680709567802,2.2237258059471428,-4.016003697945543,0,0CL
203,ATOM,3450,q,A,574,17.070905389903995,4.085934808980444,-2.036475193491997,0,0CL
204,ATOM,3469,COM,A,578,17.92554877389106,-7.177331503941672,-3.4690880687660623,0,0CL
205,ATOM,3470,b,A,578,17.672359704902135,-8.290433293681902,-4.4579933731413615,0,0CL
206,ATOM,3471,c,A,578,17.032018279837246,-8.126479920648773,-2.372608000885931,0,0CL
207,ATOM,3472,d,A,578,18.395846706120732,-6.830017445817514,-5.393374637853361,0,0CL
208,ATOM,3473,p,A,578,17.6491377109861,-6.2522618532747645,-5.022034966029036,0,0CL
209,ATOM,3474,q,A,578,17.00744601470792,-7.081994355156466,-2.167856670573632,0,0CL
210,ATOM,3481,COM,A,580,-15.528059071378596,1.432318621230361,-1.2825977630390948,0,0CL
211,ATOM,3482,b,A,580,-16.259722008950853,0.6693822936657498,-2.3617244960345176,0,0CL
212,ATOM,3483,c,A,580,-17.035677592113718,2.150207670121395,-0.9511242204768366,0,0CL
213,ATOM,3484,d,A,580,-14.41602347503275,0.39231092805023904,-2.597005550061788,0,0CL
214,ATOM,3485,p,A,580,-14.292284715124564,1.3988609387475344,-2.630409071756986,0,0CL
215,ATOM,3486,q,A,580,-16.198008876284824,2.7499715491786807,-0.6832055539010822,0,0CL
216,ATOM,3667,COM,A,611,6.582773664126056,-16.62209033057233,-2.3941422486998083,0,0CL
217,ATOM,3668,b,A,611,6.463216277716272,-15.173566140494009,-2.8043637767950544,0,0CL
218,ATOM,3669,c,A,611,8.04222867118125,-16.154326894207212,-1.6511533860770586,0,0CL
219,ATOM,3670,d,A,611,5.1512925803905665,-16.15343071369325,-3.727066128902345,0,0CL
220,ATOM,3671,p,A,611,5.884809680405095,-16.759304049739505,-4.078775049253304,0,0CL
221,ATOM,3672,q,A,611,8.00868956609982,-17.17766542377711,-1.9420956180201714,0,0CL
222,ATOM,3691,COM,A,615,-13.838821411284892,19.33624344570198,-5.166951764335923,0,0CL
223,ATOM,3692,b,A,615,-12.566853209289581,19.64019352835691,-5.9215809715409655,0,0CL
224,ATOM,3693,c,A,615,-12.81928047570457,19.009101380769984,-3.8426937267812913,0,0CL
225,ATOM,3694,d,A,615,-13.979978463615609,19.574721453294266,-7.15855486899107,0,0CL
226,ATOM,3695,p,A,615,-14.201854941231236,18.644816164780167,-6.819994707314638,0,0CL
227,ATOM,3696,q,A,615,-13.748621028991506,18.490610701230484,-3.8174043763158894,0,0CL
228,ATOM,3697,COM,A,616,6.845253548015324,1.5263144495036092,0.09607305305028824,0,0CL
229,ATOM,3698,b,A,616,5.669992767789355,0.8309182830003352,-0.5479108520865223,0,0CL
230,ATOM,3699,c,A,616,5.681121775377726,2.333713972569864,1.0410266106858144,0,0CL
231,ATOM,3700,d,A,616,7.206558628452228,0.4400473728452804,-1.55730635804042,0,0CL
232,ATOM,3701,p,A,616,7.368075668106574,1.4361385759666998,-1.653657595528273,0,0CL
233,ATOM,3702,q,A,616,6.589492854518784,2.873967013431618,0.9097953856677674,0,0CL
234,ATOM,3793,COM,A,632,-2.644266223522165,-3.0364871729172194,0.7620977222878755,0,0CL
235,ATOM,3794,b,A,632,-3.735027366004563,-2.447551194475804,-0.10209007174057216,0,0CL
236,ATOM,3795,c,A,632,-2.696200423804914,-1.5583321286035694,1.605023877897668,0,0CL
237,ATOM,3796,d,A,632,-3.1308572384346847,-4.028867747785258,-0.9180498839750415,0,0CL
238,ATOM,3797,p,A,632,-2.189489965339125,-3.651613138823156,-0.8986432572334133,0,0CL
239,ATOM,3798,q,A,632,-1.7568510262219421,-2.056083828355125,1.653220917795688,0,0CL
240,ATOM,3835,COM,A,639,2.4784462727504164,-1.450150685297568,0.6779179825690242,0,0CL
241,ATOM,3836,b,A,639,3.5003590082454914,-2.031891251535652,-0.26963954846852256,0,0CL
242,ATOM,3837,c,A,639,2.5093956971724,-2.9745658711974645,1.437703790626602,0,0CL
243,ATOM,3838,d,A,639,2.9224475309001074,-0.3865378704319638,-0.9698227928004453,0,0CL
244,ATOM,3839,p,A,639,1.9689207262015485,-0.7276558632441673,-0.9232272168179865,0,0CL
245,ATOM,3840,q,A,639,1.5946098093363446,-2.443040792082157,1.5595802431818848,0,0CL
246,ATOM,3877,COM,A,646,11.298775116080622,5.467596061978232,-1.2092598140554836,0,0CL
247,ATOM,3878,b,A,646,11.144358486542615,4.127580340354805,-1.8880553431540235,0,0CL
248,ATOM,3879,c,A,646,10.232505159988674,4.8475659257926615,-0.035080095717029636,0,0CL
249,ATOM,3880,d,A,646,12.03813334329608,5.282750775728274,-3.069804796580769,0,0CL
250,ATOM,3881,p,A,646,11.268828534859516,5.937452472625052,-2.9760668651075544,0,0CL
251,ATOM,3882,q,A,646,10.217334091040511,5.909228940257971,-0.12364353277440587,0,0CL
252,ATOM,3907,COM,A,651,10.581117675933129,7.9530517042158335,-1.4166822069409524,0,0CL
253,ATOM,3908,b,A,651,9.373813917711894,7.168311344468619,-1.8714153189624287,0,0CL
254,ATOM,3909,c,A,651,9.477375687547651,8.86390211868388,-0.49513777201756737,0,0CL
255,ATOM,3910,d,A,651,10.835321020348072,6.666272234757581,-2.9412245174948364,0,0CL
256,ATOM,3911,p,A,651,10.968765645140305,7.643292987120367,-3.177740862736642,0,0CL
257,ATOM,3912,q,A,651,10.36174593419132,9.391932216938528,-0.7649422979036196,0,0CL
258,ATOM,4147,COM,A,691,-11.258972862306555,20.491917182007164,-5.054218984947036,0,0CL
259,ATOM,4148,b,A,691,-12.161360085041572,19.50294782088419,-5.753977445420762,0,0CL
260,ATOM,4149,c,A,691,-12.63901418636239,21.485905687956485,-4.96337409549899,0,0CL
261,ATOM,4150,d,A,691,-10.389387794724268,18.90335453891025,-5.928628808310693,0,0CL
262,ATOM,4151,p,A,691,-10.149915531772168,19.802041306892832,-6.333700565323703,0,0CL
263,ATOM,4152,q,A,691,-11.716501209156982,22.01723765258804,-4.961104679627054,0,0CL
264,ATOM,4183,COM,A,697,14.677682705496355,-22.0080665819509,-6.798930714849719,0,0CL
265,ATOM,4184,b,A,697,13.411834301599333,-21.1939337409451,-6.929458625838697,0,0CL
266,ATOM,4185,c,A,697,15.056242484793154,-20.968779235140346,-5.504719640774764,0,0CL
267,ATOM,4186,d,A,697,13.548858856843234,-22.30845895419957,-8.43603979533482,0,0CL
268,ATOM,4187,p,A,697,14.467753584926985,-21.91715468173036,-8.613080595850521,0,0CL
269,ATOM,4188,q,A,697,15.904869712390806,-21.396000258961404,-5.985215244693481,0,0CL
270,ATOM,4285,COM,A,714,14.466945971833317,-18.839561095948152,-5.282625661684115,0,0CL
271,ATOM,4286,b,A,714,15.229659236767343,-17.849935855499883,-6.131922640933061,0,0CL
272,ATOM,4287,c,A,714,15.904063799265092,-19.75196721237467,-5.288050492117149,0,0CL
273,ATOM,4288,d,A,714,13.416288686768178,-17.356880963687637,-6.143802121382986,0,0CL
274,ATOM,4289,p,A,714,13.187719747517821,-18.289350216985056,-6.468761090585115,0,0CL
275,ATOM,4290,q,A,714,15.020204029817716,-20.33044422355209,-5.154344637751405,0,0CL
276,ATOM,4321,COM,A,720,-12.489201079330968,-1.4877527628997016,-0.4368594963437067,0,0CL
277,ATOM,4322,b,A,720,-11.214788811333237,-2.03464737730842,-1.0349277632728489,0,0CL
278,ATOM,4323,c,A,720,-12.638931689392775,-3.012292932190637,0.30754094470187177,0,0CL
279,ATOM,4324,d,A,720,-11.608195292322577,-0.4056234372087866,-1.88488502296175,0,0CL
280,ATOM,4325,p,A,720,-12.522179443987884,-0.7764107918046488,-2.120886523330844,0,0CL
281,ATOM,4326,q,A,720,-13.564490601682877,-2.5108865642304368,0.14929634274238035,0,0CL
282,ATOM,4381,COM,A,730,7.355090950548411,9.292722150406092,-0.98847120438737,0,0CL
283,ATOM,4382,b,A,730,7.12259690237029,10.333623652694955,-2.05767304692907,0,0CL
284,ATOM,4383,c,A,730,8.76378803854399,10.175882472119772,-0.6203824101768078,0,0CL
285,ATOM,4384,d,A,730,5.905163752839475,8.928752628353742,-2.3336203813788745,0,0CL
286,ATOM,4385,p,A,730,6.688467445344899,8.28504782810983,-2.362211559219728,0,0CL
287,ATOM,4386,q,A,730,8.816666351913236,9.143055952571567,-0.36533287676579573,0,0CL
288,ATOM,4423,COM,A,737,4.853369818113951,9.936710151468484,-0.7426809889220154,0,0CL
289,ATOM,4424,b,A,737,3.6400284884626455,10.314701003808048,-1.5594108912199836,0,0CL
290,ATOM,4425,c,A,737,4.9120687715340505,11.583627212927125,-0.3131537772766746,0,0CL
291,ATOM,4426,d,A,737,4.131561439718532,8.559595864050259,-2.0181475326881744,0,0CL
292,ATOM,4427,p,A,737,5.061265153056376,8.901657011735923,-2.2352792361536453,0,0CL
293,ATOM,4428,q,A,737,5.85436752924457,11.087800264946,-0.2757547281852768,0,0CL
294,ATOM,4459,COM,A,743,-14.435885127501486,6.822006905538244,-1.5312526932344086,0,0CL
295,ATOM,4460,b,A,743,-13.201402038268451,7.393834287519344,-2.1864152284989853,0,0CL
296,ATOM,4461,c,A,743,-13.373204835303834,6.249360326108311,-0.33047149266458287,0,0CL
297,ATOM,4462,d,A,743,-14.627411335749326,7.536409181051584,-3.4014925442416297,0,0CL
298,ATOM,4463,p,A,743,-14.77915389467095,6.538501795198416,-3.304740050363614,0,0CL
299,ATOM,4464,q,A,743,-14.263570916668566,5.675131785104904,-0.435237058822187,0,0CL
300,ATOM,4525,COM,A,754,9.394738656464876,-14.525742884719602,-2.2948232267169257,0,0CL
301,ATOM,4526,b,A,754,10.261948094369481,-14.820005479129739,-3.495942003666232,0,0CL
302,ATOM,4527,c,A,754,9.499476422044726,-16.195229743923708,-1.9754525527247937,0,0CL
303,ATOM,4528,d,A,754,9.627208716620377,-13.057748827948965,-3.648393365430596,0,0CL
304,ATOM,4529,p,A,754,8.681897794913537,-13.41414927748868,-3.5595846897865844,0,0CL
305,ATOM,4530,q,A,754,8.622093373398446,-15.73027381374209,-1.5906396515155068,0,0CL
306,ATOM,4537,COM,A,756,-23.170663342901538,4.4216386133353005,-4.500890312466682,0,0CL
307,ATOM,4538,b,A,756,-21.788680377347568,3.854959949545134,-4.721093343607558,0,0CL
308,ATOM,4539,c,A,756,-23.46727184051919,3.0029198237351604,-3.60734322631144,0,0CL
309,ATOM,4540,d,A,756,-21.99781536364063,5.3417421225652575,-5.851408046465883,0,0CL
310,ATOM,4541,p,A,756,-22.831044141452715,4.90588147331389,-6.230776334887528,0,0CL
311,ATOM,4542,q,A,756,-24.33832935791024,3.4411501270597817,-4.033401910819296,0,0CL
312,ATOM,4657,COM,A,776,-22.207187392916673,8.786325039866435,-4.768572011235371,0,0CL
313,ATOM,4658,b,A,776,-21.898000446245675,9.827182283896823,-5.817165654911394,0,0CL
314,ATOM,4659,c,A,776,-21.339758916015853,9.791830189784202,-3.703123171097846,0,0CL
315,ATOM,4660,d,A,776,-22.610104720501138,8.319068904276467,-6.683344930117853,0,0CL
316,ATOM,4661,p,A,776,-21.888595777390183,7.756408872860956,-6.245392268225688,0,0CL
317,ATOM,4662,q,A,776,-21.341623443578257,8.763099860608571,-3.429326835528491,0,0CL
318,ATOM,4849,COM,A,808,20.70066413885485,-10.97524437809104,-5.450403417596833,0,0CL
319,ATOM,4850,b,A,808,19.37698864630584,-11.54697808330853,-5.899324079566686,0,0CL
320,ATOM,4851,c,A,808,19.871523165154187,-10.514302378464924,-4.035902898434178,0,0CL
321,ATOM,4852,d,A,808,20.55073575464016,-11.566700255594023,-7.366185614135356,0,0CL
322,ATOM,4853,p,A,808,20.69628717209102,-10.571402636594096,-7.23421806323317,0,0CL
323,ATOM,4854,q,A,808,20.71356835959338,-9.905347855984639,-4.2666327839554405,0,0CL
324,ATOM,4873,COM,A,812,-1.2048491603928717,5.1210175373414755,0.47042595389146546,0,0CL
325,ATOM,4874,b,A,812,-0.10107104033022163,4.457966320333188,-0.31979233575690413,0,0CL
326,ATOM,4875,c,A,812,-1.190405519770047,3.7107173990528572,1.423577516439968,0,0CL
327,ATOM,4876,d,A,812,-0.6678498786754605,5.978510165968779,-1.2679284873214818,0,0CL
328,ATOM,4877,p,A,812,-1.6141856476990184,5.612987253801546,-1.2427965763847353,0,0CL
329,ATOM,4878,q,A,812,-2.1259238886050715,4.2192862837654355,1.4107684932743267,0,0CL
330,ATOM,4897,COM,A,816,-21.944512550691115,11.545424943650628,-5.333000614514784,0,0CL
331,ATOM,4898,b,A,816,-21.56998125527243,10.139841450571,-5.7408331202498015,0,0CL
332,ATOM,4899,c,A,816,-23.477886303169967,10.892811478216197,-4.982434501003231,0,0CL
333,ATOM,4900,d,A,816,-20.192888580745258,11.295311913549533,-6.288663180531046,0,0CL
334,ATOM,4901,p,A,816,-20.88275795802039,11.841415452172708,-6.792234592945745,0,0CL
335,ATOM,4902,q,A,816,-23.48892551662647,11.928726873514037,-5.2283764241297215,0,0CL
336,ATOM,4969,COM,A,828,6.977934590598658,-13.925633162577137,-1.637104876203146,0,0CL
337,ATOM,4970,b,A,828,6.830114197699032,-14.897750380605368,-2.7826939150194456,0,0CL
338,ATOM,4971,c,A,828,5.7794482132783145,-14.856554485497593,-0.8648834740718776,0,0CL
339,ATOM,4972,d,A,828,7.881511327338276,-13.454831879550428,-3.3714878306637206,0,0CL
340,ATOM,4973,p,A,828,7.136037884036919,-12.827609784699614,-3.0904561793086303,0,0CL
341,ATOM,4974,q,A,828,5.81856279505901,-13.842450848982802,-0.5447071727945973,0,0CL
342,ATOM,5203,COM,A,867,-3.947454948304449,2.9204095562497727,0.6170683954611089,0,0CL
343,ATOM,5204,b,A,867,-3.972382602935174,4.0919650953323465,-0.33640222856436997,0,0CL
344,ATOM,5205,c,A,867,-2.68751336995935,3.7551112540145946,1.4013453203453032,0,0CL
345,ATOM,5206,d,A,867,-5.048514940634396,2.7292845691334824,-1.05475101242663,0,0CL
346,ATOM,5207,p,A,867,-4.256459207113456,2.0988890968275946,-0.9870807568276192,0,0CL
347,ATOM,5208,q,A,867,-2.6574791373572455,2.6989839936956868,1.529220864853544,0,0CL
348,ATOM,5335,COM,A,889,11.705699662664125,0.15872812607745918,-0.9135646119429581,0,0CL
349,ATOM,5336,b,A,889,12.503552971879753,0.7831558173444539,-2.0338633021825956,0,0CL
350,ATOM,5337,c,A,889,13.160905579212798,-0.6144873574334538,-0.4853665777336129,0,0CL
351,ATOM,5338,d,A,889,10.684639180810708,1.1451868850376945,-2.3392730706636864,0,0CL
352,ATOM,5339,p,A,889,10.502424998189557,0.14862878042253325,-2.2916292276453376,0,0CL
353,ATOM,5340,q,A,889,12.2831180040427,-1.1394062212760483,-0.18987180745976473,0,0CL
354,ATOM,5761,COM,A,960,1.1212195803360354,3.5153248615577155,0.5767285612828288,0,0CL
355,ATOM,5762,b,A,960,-0.025849561797160886,4.007175140059907,-0.2748585961491399,0,0CL
356,ATOM,5763,c,A,960,1.1479901879630785,5.091840219491362,1.2186402847827522,0,0CL
357,ATOM,5764,d,A,960,0.4997492942841768,2.3219927607712787,-0.9179761522934702,0,0CL
358,ATOM,5765,p,A,960,1.4426863225795485,2.679647607750087,-1.0180449841147077,0,0CL
359,ATOM,5766,q,A,960,2.083584967283799,4.586254120395311,1.2630261531265128,0,0CL
360,ATOM,5767,COM,A,961,10.231039574661757,-20.141497996934486,-4.521939589607633,0,0CL
361,ATOM,5768,b,A,961,9.995782821257755,-20.95261956503657,-5.774586012880141,0,0CL
362,ATOM,5769,c,A,961,9.084499612852794,-21.172484880097034,-3.7982820996844646,0,0CL
363,ATOM,5770,d,A,961,11.011828884538602,-19.44093502113556,-6.237699645828139,0,0CL
364,ATOM,5771,p,A,961,10.292147612437608,-18.85848466556889,-5.823134271143546,0,0CL
365,ATOM,5772,q,A,961,9.151903593429989,-20.209430575975723,-3.349083801918563,0,0CL
366,ATOM,6235,COM,A,1039,13.398878193199987,-8.086228574993388,-1.9460438907661137,0,0CL
367,ATOM,6236,b,A,1039,14.184147021797864,-8.505795997286626,-3.1662266823931438,0,0CL
368,ATOM,6237,c,A,1039,13.592229709171168,-9.69722575262929,-1.4296058161425518,0,0CL
369,ATOM,6238,d,A,1039,13.47069523609734,-6.797056149748924,-3.487705582039128,0,0CL
370,ATOM,6239,p,A,1039,12.550035655589078,-7.167343710824114,-3.2797102481219786,0,0CL
371,ATOM,6240,q,A,1039,12.729247654111612,-9.214306094172134,-1.0376573806043898,0,0CL
372,ATOM,6253,COM,A,1042,8.626355914176845,3.3604335274337087,-0.3556465161811604,0,0CL
373,ATOM,6254,b,A,1042,7.372317042365129,3.87188753564908,-1.024862703571752,0,0CL
374,ATOM,6255,c,A,1042,8.77344213842642,4.934615834451129,0.2756487450946583,0,0CL
375,ATOM,6256,d,A,1042,7.768662357650758,2.1803106087622233,-1.7408200287491642,0,0CL
376,ATOM,6257,p,A,1042,8.692338461757892,2.523404304623213,-1.9808995375830545,0,0CL
377,ATOM,6258,q,A,1042,9.697103829670601,4.413947649386861,0.17859864880495735,0,0CL
378,ATOM,6445,COM,A,1074,-11.251289118829845,5.649484864238237,-0.5974024246054923,0,0CL
379,ATOM,6446,b,A,1074,-11.021326561550415,4.310578592299203,-1.2564898370265065,0,0CL
380,ATOM,6447,c,A,1074,-12.687868641852328,4.9597160855588704,0.003392304059523621,0,0CL
381,ATOM,6448,d,A,1074,-9.765800548964094,5.526214646705741,-1.94756321586988,0,0CL
382,ATOM,6449,p,A,1074,-10.533884592443238,6.135855352879898,-2.2071438613891967,0,0CL
383,ATOM,6450,q,A,1074,-12.721355081842043,6.019487214723885,-0.09866068279102569,0,0CL
384,ATOM,6487,COM,A,1081,-12.394800157005825,11.476451538308996,-1.9928621642032942,0,0CL
385,ATOM,6488,b,A,1081,-11.140293273074985,10.752620756595723,-2.4209234654377196,0,0CL
386,ATOM,6489,c,A,1081,-12.592416095817118,10.201453887588222,-0.8814419325248009,0,0CL
387,ATOM,6490,d,A,1081,-11.481982573098232,12.11912426406444,-3.6653757892835728,0,0CL
388,ATOM,6491,p,A,1081,-12.408460938905986,11.73081083647444,-3.803450115802062,0,0CL
389,ATOM,6492,q,A,1081,-13.502310625925888,10.675362935539644,-1.1694074831518693,0,0CL
390,ATOM,6493,COM,A,1082,-13.848879908351023,3.3832436175203053,-0.9483179441670824,0,0CL
391,ATOM,6494,b,A,1082,-14.717541253377416,3.8207145345634332,-2.104085941819873,0,0CL
392,ATOM,6495,c,A,1082,-14.0916495053908,4.955898407773972,-0.3422834291059853,0,0CL
393,ATOM,6496,d,A,1082,-13.942843072828527,2.1679632958037676,-2.5476195615519615,0,0CL
394,ATOM,6497,p,A,1082,-13.030677719384597,2.57308545301444,-2.368598876396701,0,0CL
395,ATOM,6498,q,A,1082,-13.185518295526716,4.498120645867283,-0.019223448275841104,0,0CL
396,ATOM,6577,COM,A,1096,17.428550608383503,-19.815740560120105,-6.890245526731009,0,0CL
397,ATOM,6578,b,A,1096,17.071672028477032,-20.627752596368236,-8.112554870633812,0,0CL
398,ATOM,6579,c,A,1096,16.457347220658708,-20.921758666558425,-6.034738117118154,0,0CL
399,ATOM,6580,d,A,1096,17.921847044571333,-19.050825327366056,-8.683340145747305,0,0CL
400,ATOM,6581,p,A,1096,17.23175539814781,-18.518912690867936,-8.164125867563344,0,0CL
401,ATOM,6582,q,A,1096,16.528336385083218,-19.96163588515736,-5.581471326840079,0,0CL
402,ATOM,6643,COM,A,1107,3.525084269156312,-7.416391966265509,0.15424453302861307,0,0CL
403,ATOM,6644,b,A,1107,3.46795799076219,-8.53338990852153,-0.8607989070825304,0,0CL
404,ATOM,6645,c,A,1107,2.27817234743766,-8.256526846074362,0.9544264143558978,0,0CL
405,ATOM,6646,d,A,1107,4.550460818989005,-7.16486803783431,-1.5571547904724128,0,0CL
406,ATOM,6647,p,A,1107,3.7824234387543405,-6.516684667492647,-1.416631123516312,0,0CL
407,ATOM,6648,q,A,1107,2.287598856574261,-7.2085983911616065,1.1390722762366194,0,0CL
408,ATOM,6835,COM,A,1139,3.2024669899410085,-10.194736034873952,-0.26584632331072644,0,0CL
409,ATOM,6836,b,A,1139,3.1046573523782106,-8.815501999924118,-0.8714953566921038,0,0CL
410,ATOM,6837,c,A,1139,4.599825543407207,-9.610162412478276,0.5123051741844811,0,0CL
411,ATOM,6838,d,A,1139,1.870841849057483,-9.928907598855302,-1.749343450632098,0,0CL
412,ATOM,6839,p,A,1139,2.6322462712979027,-10.563860476329433,-1.962482253246875,0,0CL
413,ATOM,6840,q,A,1139,4.593822530463253,-10.663170278275077,0.3583428463063685,0,0CL
414,ATOM,6883,COM,A,1147,-13.577061973073329,16.13122688914483,-3.7625088610103177,0,0CL
415,ATOM,6884,b,A,1147,-14.399144675314913,16.346709330659365,-5.011617882703033,0,0CL
416,ATOM,6885,c,A,1147,-13.678247350432223,17.819723690666244,-3.5639992374132765,0,0CL
417,ATOM,6886,d,A,1147,-13.77506045874947,14.573729332317969,-5.01948020521366,0,0CL
418,ATOM,6887,p,A,1147,-12.830887597131474,14.929959899510322,-4.9218360022013785,0,0CL
419,ATOM,6888,q,A,1147,-12.819080001026151,17.37737062586334,-3.1161775856656044,0,0CL
420,ATOM,7039,COM,A,1173,7.8482340078054165,-6.2900817971372325,-0.3266418778173983,0,0CL
421,ATOM,7040,b,A,1173,8.738653172516688,-5.5431854595130945,-1.290825248322506,0,0CL
422,ATOM,7041,c,A,1173,9.256803212217442,-7.140563360490021,0.11032941046027833,0,0CL
423,ATOM,7042,d,A,1173,6.953978083509761,-5.108801455278839,-1.6865996329704935,0,0CL
424,ATOM,7043,p,A,1173,6.758130833083274,-6.099295198543019,-1.7828285218495505,0,0CL
425,ATOM,7044,q,A,1173,8.353502867000733,-7.68160018168559,0.26651405900809166,0,0CL
426,ATOM,7267,COM,A,1211,-0.6627045117066505,1.6666519124618477,0.7596634161104712,0,0CL
427,ATOM,7268,b,A,1211,-1.7104029810064494,0.9414827315996108,-0.05111804430565714,0,0CL
428,ATOM,7269,c,A,1211,-1.9751610751408673,2.4427490231789184,1.5175717508284992,0,0CL
429,ATOM,7270,d,A,1211,-0.0314538860168685,0.5916651093817255,-0.8191763543443598,0,0CL
430,ATOM,7271,p,A,1211,0.11715342961961446,1.5922294728880302,-0.8923256552329935,0,0CL
431,ATOM,7272,q,A,1211,-1.0713596943022192,3.0056594194815007,1.5229522460318603,0,0CL
432,ATOM,7279,COM,A,1213,16.632340419329303,-14.286826000283192,-4.492625639244749,0,0CL
433,ATOM,7280,b,A,1213,17.33326516273953,-14.525665750906194,-5.8083729848995524,0,0CL
434,ATOM,7281,c,A,1213,16.86647399705576,-15.950452887049188,-4.215956072052572,0,0CL
435,ATOM,7282,d,A,1213,16.594882059760106,-12.798181400857025,-5.843914700806975,0,0CL
436,ATOM,7283,p,A,1213,15.691151537704332,-13.204743639957867,-5.6268334044175905,0,0CL
437,ATOM,7284,q,A,1213,16.02965192378124,-15.535851444833812,-3.7038316127719497,0,0CL
438,ATOM,7333,COM,A,1222,14.18172098676654,1.2838299956945745,-1.689707115336612,0,0CL
439,ATOM,7334,b,A,1222,12.912232398472726,0.6074932248867612,-2.150159389351007,0,0CL
440,ATOM,7335,c,A,1222,13.185313936449289,2.1071690102038554,-0.5814490870485469,0,0CL
441,ATOM,7336,d,A,1222,14.273717977678087,0.19612111939931903,-3.3786544070221005,0,0CL
442,ATOM,7337,p,A,1222,14.434326829486299,1.1903612372390617,-3.498643509855958,0,0CL
443,ATOM,7338,q,A,1222,14.071553465483088,2.633607203472388,-0.8466741345951931,0,0CL
444,ATOM,7351,COM,A,1225,-18.039807538986143,18.023695646666077,-5.985303052052647,0,0CL
445,ATOM,7352,b,A,1225,-17.789161221150717,16.55637368904304,-6.244146046999093,0,0CL
446,ATOM,7353,c,A,1225,-19.586259722147272,17.53222607892598,-5.469003420848473,0,0CL
447,ATOM,7354,d,A,1225,-16.377593480358716,17.53431663060683,-7.007295518728494,0,0CL
448,ATOM,7355,p,A,1225,-17.062514766179017,18.069653105813007,-7.530604882818288,0,0CL
449,ATOM,7356,q,A,1225,-19.544240434197313,18.53135423222842,-5.835645361600788,0,0CL
450,ATOM,7411,COM,A,1235,-18.66859898025197,2.5328302252903416,-2.3944130759859004,0,0CL
451,ATOM,7412,b,A,1235,-18.47031102330829,3.706067307374349,-3.324862771216157,0,0CL
452,ATOM,7413,c,A,1235,-17.738658935147452,3.4258918166035306,-1.2822015373691977,0,0CL
453,ATOM,7414,d,A,1235,-19.218277404132635,2.2944133370903,-4.313852842621233,0,0CL
454,ATOM,7415,p,A,1235,-18.450541194972907,1.704783712712605,-4.0100518893619155,0,0CL
455,ATOM,7416,q,A,1235,-17.694992673838957,2.3717242106049747,-1.1410848619314138,0,0CL
456,ATOM,7477,COM,A,1246,3.8581196819489287,5.664429474564988,0.12910796731701168,0,0CL
457,ATOM,7478,b,A,1246,3.8279712682047804,4.321968563152491,-0.5623931349802143,0,0CL
458,ATOM,7479,c,A,1246,2.637607870547767,5.027477566082459,1.131081112920599,0,0CL
459,ATOM,7480,d,A,1246,4.871670289495017,5.491041795526808,-1.6000472827113608,0,0CL
460,ATOM,7481,p,A,1246,4.08662895550587,6.133715480502424,-1.6235129718851087,0,0CL
461,ATOM,7482,q,A,1246,2.6193785287616596,6.088562485332365,1.039634487841091,0,0CL
462,ATOM,7561,COM,A,1260,8.096321450865606,6.824705490628391,-0.673242537449793,0,0CL
463,ATOM,7562,b,A,1260,8.951589635096372,7.338296893048466,-1.8072470367366267,0,0CL
464,ATOM,7563,c,A,1260,9.54386122552243,6.177767754892598,-0.04996718347893969,0,0CL
465,ATOM,7564,d,A,1260,7.148703107822869,7.576263295891192,-2.2795881855833144,0,0CL
466,ATOM,7565,p,A,1260,6.999095652457258,6.586977317572007,-2.1160740809927243,0,0CL
467,ATOM,7566,q,A,1260,8.666079633351275,5.655560796787308,0.2501800626385471,0,0CL
468,ATOM,7657,COM,A,1276,3.6093884573715815,2.8640242457986673,0.44354767953322316,0,0CL
469,ATOM,7658,b,A,1276,3.4725549954822217,4.038026065598878,-0.4968040263796234,0,0CL
470,ATOM,7659,c,A,1276,4.993559814163732,3.664549966321581,1.0300672664333086,0,0CL
471,ATOM,7660,d,A,1276,2.266306685040277,2.7048779660906304,-1.0445577651468414,0,0CL
472,ATOM,7661,p,A,1276,3.0432376529790686,2.0555392046920025,-1.095434518217105,0,0CL
473,ATOM,7662,q,A,1276,5.014861290300507,2.606584461656908,1.153007243877687,0,0CL
474,ATOM,7705,COM,A,1284,-10.19153191675055,-3.082075276642592,-0.013449362431523948,0,0CL
475,ATOM,7706,b,A,1284,-11.13564667589204,-2.4874391127679827,-1.0322506944799577,0,0CL
476,ATOM,7707,c,A,1284,-10.363064852004756,-1.6040841309298357,0.8138206208978418,0,0CL
477,ATOM,7708,d,A,1284,-10.421842692933058,-4.070359014946552,-1.7498344576734013,0,0CL
478,ATOM,7709,p,A,1284,-9.492614876368938,-3.6982284278523947,-1.587499954032193,0,0CL
479,ATOM,7710,q,A,1284,-9.443624809113285,-2.1063349589992884,1.0026568283138286,0,0CL
480,ATOM,7753,COM,A,1292,10.388849791772907,-5.125007966255395,-0.755826461475273,0,0CL
481,ATOM,7754,b,A,1292,9.152899933788019,-5.710335118121766,-1.3970448905890085,0,0CL
482,ATOM,7755,c,A,1292,9.316287424001612,-4.429942779158634,0.3684063226610741,0,0CL
483,ATOM,7756,d,A,1292,10.603318353597382,-5.989065677842119,-2.559175985842758,0,0CL
484,ATOM,7757,p,A,1292,10.783109527138873,-4.991724084447946,-2.5367733073748027,0,0CL
485,ATOM,7758,q,A,1292,10.226907298608223,-3.8918270682292864,0.24250189214949858,0,0CL
486,ATOM,7765,COM,A,1294,13.756949450694517,-11.502001806032016,-2.7127082297544107,0,0CL
487,ATOM,7766,b,A,1294,12.469158430632463,-11.991633690270172,-3.3326920251756533,0,0CL
488,ATOM,7767,c,A,1294,12.777915233638987,-10.953828602358167,-1.43139829823572,0,0CL
489,ATOM,7768,d,A,1294,13.828186258758432,-12.12395120962347,-4.6238966706333064,0,0CL
490,ATOM,7769,p,A,1294,14.023811168072116,-11.138929312874556,-4.484714208443727,0,0CL
491,ATOM,7770,q,A,1294,13.685109288330164,-10.41032175022326,-1.551628281249191,0,0CL
492,ATOM,7783,COM,A,1297,11.056174298691863,2.670888343012578,-0.8604435614523118,0,0CL
493,ATOM,7784,b,A,1297,10.798183240582917,3.8488372307528005,-1.7698395323073386,0,0CL
494,ATOM,7785,c,A,1297,12.524201776076545,3.4486209683598403,-0.48836656792275934,0,0CL
495,ATOM,7786,d,A,1297,9.503092924585074,2.5358603475180184,-2.1306327937461953,0,0CL
496,ATOM,7787,p,A,1297,10.253323895790782,1.8741397567284743,-2.2974181335362744,0,0CL
497,ATOM,7788,q,A,1297,12.547037489750558,2.3907033529583703,-0.37018514296815397,0,0CL
498,ATOM,7837,COM,A,1306,-19.201780259843126,7.765096498085572,-3.273347870872875,0,0CL
499,ATOM,7838,b,A,1306,-19.869883921945355,6.888774090576188,-4.305593740219198,0,0CL
500,ATOM,7839,c,A,1306,-20.707581054367616,8.552273248066408,-3.1585143761990593,0,0CL
501,ATOM,7840,d,A,1306,-18.023509314336486,6.543905348215562,-4.352191582656028,0,0CL
502,ATOM,7841,p,A,1306,-17.865530534830537,7.53492209277041,-4.499960040852287,0,0CL
503,ATOM,7842,q,A,1306,-19.873973982173954,9.162284542819922,-2.8997877454440224,0,0CL
504,ATOM,8029,COM,A,1338,-7.502511307642311,-0.8587128938272924,0.44573891972851065,0,0CL
505,ATOM,8030,b,A,1338,-7.31868952047788,-2.097110319462028,-0.3989044172753069,0,0CL
506,ATOM,8031,c,A,1338,-8.885513922618754,-1.640263332761808,1.0580506690601772,0,0CL
507,ATOM,8032,d,A,1338,-6.1245817297538885,-0.785691494427731,-1.0169814751556165,0,0CL
508,ATOM,8033,p,A,1338,-6.911975860966238,-0.15773452414433806,-1.1369711647328662,0,0CL
509,ATOM,8034,q,A,1338,-8.930822986791005,-0.5778144963893233,1.099106226474285,0,0CL
510,ATOM,8065,COM,A,1344,-15.700171279315503,17.567953261920657,-4.959627152374296,0,0CL
511,ATOM,8066,b,A,1344,-14.439074075992654,16.76904188075537,-5.190251194520577,0,0CL
512,ATOM,8067,c,A,1344,-16.025782805206706,16.447961713109677,-3.7195864011089323,0,0CL
513,ATOM,8068,d,A,1344,-14.636298840335057,17.973958092632987,-6.61797256603699,0,0CL
514,ATOM,8069,p,A,1344,-15.56081489982346,17.591835896505035,-6.783301580352088,0,0CL
515,ATOM,8070,q,A,1344,-16.893346234217525,16.901531487749416,-4.138900312369022,0,0CL
516,ATOM,8107,COM,A,1351,4.298394224911217,0.3620839878024895,0.49425268633767816,0,0CL
517,ATOM,8108,b,A,1351,5.245541989696328,0.9991940360299683,-0.4945647377149758,0,0CL
518,ATOM,8109,c,A,1351,5.684813472152081,-0.38834900918786086,1.138599633182444,0,0CL
519,ATOM,8110,d,A,1351,3.4888183349487862,1.3327900634207372,-1.0704238275620355,0,0CL
520,ATOM,8111,p,A,1351,3.31668771864902,0.3335994712483039,-1.048555781320944,0,0CL
521,ATOM,8112,q,A,1351,4.780850915743449,-0.9262768282521918,1.3000659085710486,0,0CL
522,ATOM,8149,COM,A,1358,6.335802535761336,5.001812051658414,-0.11138075754273435,0,0CL
523,ATOM,8150,b,A,1358,7.298653865118658,4.324785607866482,-1.0583451243281414,0,0CL
524,ATOM,8151,c,A,1358,6.471139155237642,3.58947551955832,0.8284014084533031,0,0CL
525,ATOM,8152,d,A,1358,6.619568742004658,5.855503651028958,-1.9112458617542805,0,0CL
526,ATOM,8153,p,A,1358,5.682549850268125,5.504380770914949,-1.7438471772037356,0,0CL
527,ATOM,8154,q,A,1358,5.552905411005198,4.112661624825136,0.9566476177876009,0,0CL
528,ATOM,8167,COM,A,1361,18.354239440491963,-12.353655704567652,-4.678736812155291,0,0CL
529,ATOM,8168,b,A,1361,18.98843534576114,-11.423735824117907,-5.685652185801018,0,0CL
530,ATOM,8169,c,A,1361,19.85353936411878,-13.160967761709964,-4.67650490594955,0,0CL
531,ATOM,8170,d,A,1361,17.14665896801926,-11.057951951004645,-5.631477167921369,0,0CL
532,ATOM,8171,p,A,1361,16.970106988591038,-12.036719558457833,-5.830643854795356,0,0CL
533,ATOM,8172,q,A,1361,19.024629597631975,-13.777259344052739,-4.4176569108708925,0,0CL
534,ATOM,8173,COM,A,1362,11.567310685523266,-16.023112254800886,-3.314769180233844,0,0CL
535,ATOM,8174,b,A,1362,10.310919977886854,-15.251945649489379,-3.6433714574888953,0,0CL
536,ATOM,8175,c,A,1362,11.842700546324156,-14.816827155173108,-2.1433453956946846,0,0CL
537,ATOM,8176,d,A,1362,10.566064623263584,-16.55179825329214,-4.975876773922106,0,0CL
538,ATOM,8177,p,A,1362,11.493427753953695,-16.174322302885287,-5.1351957329354425,0,0CL
539,ATOM,8178,q,A,1362,12.726967177064472,-15.290676951452353,-2.499339632059955,0,0CL
540,ATOM,8491,COM,A,1415,-21.008938260060958,2.9936108789227216,-3.3652061768169763,0,0CL
541,ATOM,8492,b,A,1415,-21.706365633320654,3.4103294169682696,-4.639136205930553,0,0CL
542,ATOM,8493,c,A,1415,-21.379814980156354,4.558064260371892,-2.8058117937887066,0,0CL
543,ATOM,8494,d,A,1415,-20.831659179927215,1.7783101877821899,-4.957751735933035,0,0CL
544,ATOM,8495,p,A,1415,-19.967612543156687,2.20705234815546,-4.646063479169994,0,0CL
545,ATOM,8496,q,A,1415,-20.521134292774796,4.123509405233879,-2.3507133923479313,0,0CL
546,ATOM,8731,COM,A,1455,-18.449240806436723,15.375570612410792,-5.07935205864557,0,0CL
547,ATOM,8732,b,A,1455,-18.142172433790464,16.263511985498443,-6.26256088741572,0,0CL
548,ATOM,8733,c,A,1455,-17.44590162027803,16.429760363617955,-4.195922691934129,0,0CL
549,ATOM,8734,d,A,1455,-19.011584052886388,14.723097628309079,-6.897134795440561,0,0CL
550,ATOM,8735,p,A,1455,-18.300923685246612,14.161449028606095,-6.439553444948881,0,0CL
551,ATOM,8736,q,A,1455,-17.49800460630293,15.442053318141125,-3.801104922371132,0,0CL
552,ATOM,8845,COM,A,1474,-14.248250198276914,26.155429766416628,-9.117437809338536,0,0CL
553,ATOM,8846,b,A,1474,-15.10408813017217,25.07820105813265,-9.740662282845525,0,0CL
554,ATOM,8847,c,A,1474,-15.624982972778914,27.14735053126915,-9.258601061873925,0,0CL
555,ATOM,8848,d,A,1474,-13.32620673468013,24.468809423772747,-9.707351931070091,0,0CL
556,ATOM,8849,p,A,1474,-13.053963586411903,25.305530909149837,-10.21175833877066,0,0CL
557,ATOM,8850,q,A,1474,-14.702215580444024,27.677254138461105,-9.261517691505738,0,0CL
558,ATOM,9013,COM,A,1502,7.363195888236713,-22.163192080668992,-4.7913010976687325,0,0CL
559,ATOM,9014,b,A,1502,6.18016654612817,-21.277599799340486,-5.10308449517674,0,0CL
560,ATOM,9015,c,A,1502,7.624177272162301,-21.125601094375952,-3.4667182718674416,0,0CL
561,ATOM,9016,d,A,1502,6.453425994442924,-22.425189898145838,-6.56649429391072,0,0CL
562,ATOM,9017,p,A,1502,7.410526016990907,-22.09242723952852,-6.618326329068269,0,0CL
563,ATOM,9018,q,A,1502,8.50266253383322,-21.61103549560364,-3.8215408854811885,0,0CL
564,ATOM,9127,COM,A,1521,7.5224408622645775,12.03102227559661,-1.6775694785327482,0,0CL
565,ATOM,9128,b,A,1521,7.465905741648642,10.609918843395317,-2.1869247721369423,0,0CL
566,ATOM,9129,c,A,1521,6.39582109250423,11.516227137372315,-0.508339022187305,0,0CL
567,ATOM,9130,d,A,1521,8.402371829183508,11.6459236291536,-3.4452118422378346,0,0CL
568,ATOM,9131,p,A,1521,7.605527631646751,12.271968542825059,-3.48820127021827,0,0CL
569,ATOM,9132,q,A,1521,6.349791831735935,12.556160345367608,-0.7335794050269813,0,0CL
570,ATOM,9241,COM,A,1540,10.991066557265224,-7.496927204042357,-1.1749971865695548,0,0CL
571,ATOM,9242,b,A,1540,10.808273125722534,-8.611127229968174,-2.179043432323076,0,0CL
572,ATOM,9243,c,A,1540,9.89759977000272,-8.370163646837506,-0.20526036653625623,0,0CL
573,ATOM,9244,d,A,1540,11.74292846442697,-7.213797194564093,-3.01881552639913,0,0CL
574,ATOM,9245,p,A,1540,10.98973979342471,-6.5853381535491415,-2.7610635920893754,0,0CL
575,ATOM,9246,q,A,1540,9.9101753839372,-7.322350850208035,-0.015607533302166576,0,0CL
576,ATOM,9253,COM,A,1542,4.748254215999611,-3.1162621186978425,0.4033882168682177,0,0CL
577,ATOM,9254,b,A,1542,3.562306231121036,-2.487558244077996,-0.28976747646510015,0,0CL
578,ATOM,9255,c,A,1542,4.875774898252055,-1.638846285081892,1.240281238812329,0,0CL
579,ATOM,9256,d,A,1542,3.981549752636518,-4.086754354948755,-1.1827628116394093,0,0CL
580,ATOM,9257,p,A,1542,4.928211615952957,-3.7436132575804093,-1.304682883157994,0,0CL
581,ATOM,9258,q,A,1542,5.793808601359768,-2.1713513623465985,1.1494932294407905,0,0CL
582,ATOM,9289,COM,A,1548,11.23460087732257,-12.69823837956373,-2.2539907409297166,0,0CL
583,ATOM,9290,b,A,1548,12.065903127074257,-11.836624815988719,-3.175347152217631,0,0CL
584,ATOM,9291,c,A,1548,12.657779833358035,-13.60768787450779,-2.0360795772784717,0,0CL
585,ATOM,9292,d,A,1548,10.264220329283065,-11.34407748540505,-3.379531439757546,0,0CL
586,ATOM,9293,p,A,1548,10.046519480613929,-12.312600949947743,-3.5891301971941116,0,0CL
587,ATOM,9294,q,A,1548,11.759768607447969,-14.158419647632341,-1.8856423737329724,0,0CL
588,ATOM,9349,COM,A,1558,8.240271621217952,-9.673522992964978,-0.8996210956301909,0,0CL
589,ATOM,9350,b,A,1558,7.012033757466248,-8.961553403530473,-1.4168609372579277,0,0CL
590,ATOM,9351,c,A,1558,8.434495739838296,-8.320344818985733,0.115138886440604,0,0CL
591,ATOM,9352,d,A,1558,7.35628344465125,-10.42709467575832,-2.542207964743135,0,0CL
592,ATOM,9353,p,A,1558,8.293598764263479,-10.067205433191015,-2.6846253959253676,0,0CL
593,ATOM,9354,q,A,1558,9.340793677010668,-8.831935419094224,-0.11098520992623095,0,0CL
594,ATOM,9379,COM,A,1563,16.9740152015777,-22.400916720299154,-7.9427015993544074,0,0CL
595,ATOM,9380,b,A,1563,16.719264137332402,-20.921141132231927,-8.098207561382242,0,0CL
596,ATOM,9381,c,A,1563,18.541078382208383,-21.94656563640771,-7.456838367077761,0,0CL
597,ATOM,9382,d,A,1563,15.275387291837811,-21.847844955120948,-8.865589916983051,0,0CL
598,ATOM,9383,p,A,1563,15.935961899092625,-22.349408725312806,-9.448023580743207,0,0CL
599,ATOM,9384,q,A,1563,18.481769274161085,-22.920190931907786,-7.8844096636646945,0,0CL
600,ATOM,9403,COM,A,1567,-15.408994288000821,14.323898954057958,-3.653478000337526,0,0CL
601,ATOM,9404,b,A,1567,-16.197997274304395,13.377668407394475,-4.526817590740353,0,0CL
602,ATOM,9405,c,A,1567,-16.854698198626302,15.217572489314506,-3.5436243923664112,0,0CL
603,ATOM,9406,d,A,1567,-14.382017799120733,12.908184919967942,-4.646252932015434,0,0CL
604,ATOM,9407,p,A,1567,-14.177539125932533,13.861362190796259,-4.924201780884165,0,0CL
605,ATOM,9408,q,A,1567,-15.970927446448115,15.79827246318462,-3.4133907640608365,0,0CL
606,ATOM,9745,COM,A,1624,10.00507455946255,11.359896820734875,-2.0298173307245615,0,0CL
607,ATOM,9746,b,A,1624,10.899546320771266,10.565472181986053,-2.9514657244030205,0,0CL
608,ATOM,9747,c,A,1624,10.227631349153855,10.081994326411545,-0.9264866049834126,0,0CL
609,ATOM,9748,d,A,1624,10.141567751606463,11.971181204572744,-3.941178628484445,0,0CL
610,ATOM,9749,p,A,1624,9.223999622946295,11.644420764263366,-3.6588271738823854,0,0CL
611,ATOM,9750,q,A,1624,9.316198398270114,10.616957735031933,-0.7984509557265929,0,0CL
612,ATOM,9775,COM,A,1629,-10.14988170979661,9.972672622861616,-1.1581076261289294,0,0CL
613,ATOM,9776,b,A,1629,-11.076566955931023,10.314397457699668,-2.300764001358049,0,0CL
614,ATOM,9777,c,A,1629,-10.271392445824873,11.618225522484284,-0.7410946819972488,0,0CL
615,ATOM,9778,d,A,1629,-10.416328343299107,8.57704204422433,-2.5819919189939444,0,0CL
616,ATOM,9779,p,A,1629,-9.475409543458827,8.949117944365456,-2.5152885709421913,0,0CL
617,ATOM,9780,q,A,1629,-9.368347660032155,11.152216264839186,-0.4224750237185093,0,0CL
618,ATOM,9817,COM,A,1636,-10.745905151532368,18.21622856769885,-3.915388069109004,0,0CL
619,ATOM,9818,b,A,1636,-10.612656900701532,16.742487376180677,-4.2169801845116766,0,0CL
620,ATOM,9819,c,A,1636,-12.227754106951444,17.798638521010883,-3.187962316038267,0,0CL
621,ATOM,9820,d,A,1636,-9.273511105025419,17.658064163633917,-5.165500971948479,0,0CL
622,ATOM,9821,p,A,1636,-9.995460478177035,18.235522902180985,-5.583062354120774,0,0CL
623,ATOM,9822,q,A,1636,-12.18598923413098,18.799195031752962,-3.549418211286874,0,0CL
624,ATOM,9871,COM,A,1645,12.608787053593275,-20.646891625357433,-5.431916626012553,0,0CL
625,ATOM,9872,b,A,1645,13.380560013206846,-20.784834936439214,-6.723385611988247,0,0CL
626,ATOM,9873,c,A,1645,12.711698157367506,-22.34415804205474,-5.343316312968567,0,0CL
627,ATOM,9874,d,A,1645,12.763554344206616,-19.01337713333783,-6.595783667438733,0,0CL
628,ATOM,9875,p,A,1645,11.821802218874947,-19.374456377957237,-6.4827583891229335,0,0CL
629,ATOM,9876,q,A,1645,11.872106492370532,-21.92998636650237,-4.83545150887425,0,0CL
630,ATOM,9961,COM,A,1660,-17.492364259364155,9.70558271233385,-3.045005606675409,0,0CL
631,ATOM,9962,b,A,1660,-18.252736842453814,10.012703643145656,-4.313434267949995,0,0CL
632,ATOM,9963,c,A,1660,-17.731113698465155,11.347175996546643,-2.6609988429896627,0,0CL
633,ATOM,9964,d,A,1660,-17.49873771535162,8.300117830850855,-4.483696277381502,0,0CL
634,ATOM,9965,p,A,1660,-16.59057963153813,8.704740074320231,-4.28159547358788,0,0CL
635,ATOM,9966,q,A,1660,-16.86987934926705,10.912861729077001,-2.2096979313646306,0,0CL
636,ATOM,10021,COM,A,1670,-14.82196515730727,11.97921317104445,-2.7644772249433185,0,0CL
637,ATOM,10022,b,A,1670,-14.560976144680811,10.565080152958197,-3.2239242212840713,0,0CL
638,ATOM,10023,c,A,1670,-16.3084817340693,11.378906582514102,-2.192122032096492,0,0CL
639,ATOM,10024,d,A,1670,-13.239691787718096,11.675316666282093,-3.9677780594324092,0,0CL
640,ATOM,10025,p,A,1670,-13.976527052719623,12.248516014382133,-4.3634929815515715,0,0CL
641,ATOM,10026,q,A,1670,-16.319395849579884,12.415704910305267,-2.4321305935522206,0,0CL
642,ATOM,10087,COM,A,1681,-14.326831832436138,21.565898472000836,-6.40429177118453,0,0CL
643,ATOM,10088,b,A,1681,-14.052358041452605,22.285319475490017,-7.703308536973809,0,0CL
644,ATOM,10089,c,A,1681,-13.2044698242122,22.647815752373937,-5.720306010422171,0,0CL
645,ATOM,10090,d,A,1681,-15.052885114252563,20.741772828836687,-8.088922756368767,0,0CL
646,ATOM,10091,p,A,1681,-14.34627252873529,20.19291296419981,-7.611923277355075,0,0CL
647,ATOM,10092,q,A,1681,-13.285994846085005,21.719917921165585,-5.205341656658236,0,0CL
648,ATOM,10279,COM,A,1713,-11.469751563692638,2.8405292697437474,-0.34873270722359107,0,0CL
649,ATOM,10280,b,A,1713,-11.368348090221554,4.012084018528452,-1.2967769077585698,0,0CL
650,ATOM,10281,c,A,1713,-10.35552627611494,3.693900602679456,0.615500343779094,0,0CL
651,ATOM,10282,d,A,1713,-12.303433617975776,2.6333429455486623,-2.1667200722602113,0,0CL
652,ATOM,10283,p,A,1713,-11.520683140075182,2.015960194499712,-1.9804535211738212,0,0CL
653,ATOM,10284,q,A,1713,-10.328045705329389,2.637532754692206,0.7471733781030614,0,0CL
654,ATOM,10621,COM,A,1770,6.39128081383037,-11.495761286300372,-0.9359886154569426,0,0CL
655,ATOM,10622,b,A,1770,5.199386480788148,-11.960060959824636,-1.7387293656541103,0,0CL
656,ATOM,10623,c,A,1770,5.246043355472494,-10.916171774670897,0.1823535334326971,0,0CL
657,ATOM,10624,d,A,1770,6.732268036975164,-12.133950089491208,-2.8126952428054643,0,0CL
658,ATOM,10625,p,A,1770,6.929384611118393,-11.152857164886884,-2.650375405788073,0,0CL
659,ATOM,10626,q,A,1770,6.173988630680846,-10.394304732531397,0.19636626147055658,0,0CL
660,ATOM,10687,COM,A,1781,10.673939905788185,-10.281100506469961,-1.5633252810623148,0,0CL
661,ATOM,10688,b,A,1781,10.4544801587359,-8.901621719920822,-2.137794337569879,0,0CL
662,ATOM,10689,c,A,1781,12.158420113555552,-9.665650397062336,-0.9982335402121079,0,0CL
663,ATOM,10690,d,A,1781,9.13056156696975,-10.040928353679513,-2.8295522118650425,0,0CL
664,ATOM,10691,p,A,1781,9.865134384517962,-10.656703417701774,-3.1595853105803844,0,0CL
665,ATOM,10692,q,A,1781,12.1542400192643,-10.718462045043566,-1.1583308877441776,0,0CL
666,ATOM,10837,COM,A,1806,-19.6413047161328,11.128254353868181,-4.20982504059508,0,0CL
667,ATOM,10838,b,A,1806,-18.31269820734538,10.449490404428921,-4.444582885510462,0,0CL
668,ATOM,10839,c,A,1806,-19.95679926922072,9.848558964386154,-3.131624735869539,0,0CL
669,ATOM,10840,d,A,1806,-18.515126119022185,11.80176670756862,-5.734011340501656,0,0CL
670,ATOM,10841,p,A,1806,-19.39703043951182,11.379476150728868,-6.00515974102377,0,0CL
671,ATOM,10842,q,A,1806,-20.82887022789212,10.289308475042969,-3.5539920072077877,0,0CL
672,ATOM,10855,COM,A,1809,3.800814124637742,-12.629351247394792,-0.8545936998334318,0,0CL
673,ATOM,10856,b,A,1809,4.780874375480714,-11.795006493576462,-1.6452540165899041,0,0CL
674,ATOM,10857,c,A,1809,5.153917177242399,-13.569743907442268,-0.42296101575961975,0,0CL
675,ATOM,10858,d,A,1809,3.0422851885525013,-11.261757791925625,-2.118059961226801,0,0CL
676,ATOM,10859,p,A,1809,2.835013021540667,-12.22624723469552,-2.354096745579652,0,0CL
677,ATOM,10860,q,A,1809,4.229542796160681,-14.099654553455164,-0.40585222147183275,0,0CL
678,ATOM,11233,COM,A,1872,9.710171191562525,-17.83025008580505,-3.463099081888244,0,0CL
679,ATOM,11234,b,A,1872,8.461820754326359,-18.18684473042871,-4.234834428544081,0,0CL
680,ATOM,11235,c,A,1872,8.649955391351137,-17.40847255990688,-2.199358532713159,0,0CL
681,ATOM,11236,d,A,1872,9.913738076764458,-18.20997506763396,-5.42795390131492,0,0CL
682,ATOM,11237,p,A,1872,10.128150136514705,-17.258690340506075,-5.148979284966261,0,0CL
683,ATOM,11238,q,A,1872,9.58017774501205,-16.88987806744512,-2.1808619076729583,0,0CL
684,ATOM,11245,COM,A,1874,0.711537043535077,-9.525693927011663,0.02486428881980096,0,0CL
685,ATOM,11246,b,A,1874,-0.4079430966391596,-8.790765434124946,-0.6726909606757177,0,0CL
686,ATOM,11247,c,A,1874,0.7857967756212817,-8.169592907317128,1.0518309467858424,0,0CL
687,ATOM,11248,d,A,1874,0.06541911166717998,-10.270601920833009,-1.728183827707467,0,0CL
688,ATOM,11249,p,A,1874,1.0220705292063164,-9.934229350768307,-1.7303191095214818,0,0CL
689,ATOM,11250,q,A,1874,1.7030835503295954,-8.704371943482967,0.9664532247340385,0,0CL
690,ATOM,11299,COM,A,1883,-4.4173564610750065,-4.922825801579645,0.5654671358808168,0,0CL
691,ATOM,11300,b,A,1883,-5.3940377588939805,-5.534526463649653,-0.4099881129716034,0,0CL
692,ATOM,11301,c,A,1883,-5.788908564879336,-4.252379874676732,1.3177590244780677,0,0CL
693,ATOM,11302,d,A,1883,-3.6595870423113204,-5.780732316532244,-1.089129769588436,0,0CL
694,ATOM,11303,p,A,1883,-3.5147154885948586,-4.779102030561413,-1.0191011814991655,0,0CL
695,ATOM,11304,q,A,1883,-4.894602146795596,-3.695046666072411,1.4643936900965562,0,0CL
696,ATOM,11365,COM,A,1894,3.1421852461805972,8.13882168783561,-0.19029938793126577,0,0CL
697,ATOM,11366,b,A,1894,2.028396633613787,7.33432465948382,-0.8193442654158958,0,0CL
698,ATOM,11367,c,A,1894,1.8981263315453885,9.0316640904532,0.5538503691772974,0,0CL
699,ATOM,11368,d,A,1894,3.641211856705673,6.855730017832748,-1.655833491375172,0,0CL
700,ATOM,11369,p,A,1894,3.7938559766362134,7.834434738096552,-1.8714322928189275,0,0CL
701,ATOM,11370,q,A,1894,2.8046281282963363,9.573509036301088,0.41803966581984886,0,0CL
702,ATOM,11407,COM,A,1901,9.955634217628841,-1.6441421446038693,-0.4708573438900554,0,0CL
703,ATOM,11408,b,A,1901,10.830656470661435,-2.206111934234968,-1.5662367358085558,0,0CL
704,ATOM,11409,c,A,1901,10.121536850146311,-3.171279348064404,0.26390403120426864,0,0CL
705,ATOM,11410,d,A,1901,10.1321157754128,-0.5657743570149232,-2.159310533780918,0,0CL
706,ATOM,11411,p,A,1901,9.200801545805549,-0.9196547998486682,-1.9713971550372513,0,0CL
707,ATOM,11412,q,A,1901,9.22768371499383,-2.6539929656734698,0.5266707935068276,0,0CL
708,ATOM,11431,COM,A,1905,-4.987404943571624,-1.4529348240428832,0.6897866098671743,0,0CL
709,ATOM,11432,b,A,1905,-3.8158390391655503,-1.995207964083828,-0.0935416567128744,0,0CL
710,ATOM,11433,c,A,1905,-5.015588802063336,-2.9762319444240086,1.449641565209991,0,0CL
711,ATOM,11434,d,A,1905,-4.339737727028043,-0.3690016219589086,-0.8752724912643812,0,0CL
712,ATOM,11435,p,A,1905,-5.277674664516098,-0.7434822125011911,-0.9706694964721325,0,0CL
713,ATOM,11436,q,A,1905,-5.957041920900676,-2.478995377407869,1.4329137006292338,0,0CL
714,ATOM,11515,COM,A,1919,12.287522830164312,9.700634981989563,-2.23484669948439,0,0CL
715,ATOM,11516,b,A,1919,10.980995021451823,10.120396663752082,-2.8653791852334134,0,0CL
716,ATOM,11517,c,A,1919,12.466258921328114,11.344588347290646,-1.8269597759005254,0,0CL
717,ATOM,11518,d,A,1919,11.33902308114222,8.350554483137131,-3.3834897566276734,0,0CL
718,ATOM,11519,p,A,1919,12.238078681320472,8.659574477341748,-3.7362937687504143,0,0CL
719,ATOM,11520,q,A,1919,13.3852091190037,10.816334530723417,-1.925815425583132,0,0CL
720,ATOM,11569,COM,A,1928,-8.770714899118206,5.083395318904345,-0.0851288969216144,0,0CL
721,ATOM,11570,b,A,1928,-7.55070475867241,4.439088055240795,-0.6985654520761111,0,0CL
722,ATOM,11571,c,A,1928,-8.877250850071164,3.672631105499609,0.8622155100028657,0,0CL
723,ATOM,11572,d,A,1928,-7.991391902609557,5.951165070417865,-1.7236054226829425,0,0CL
724,ATOM,11573,p,A,1928,-8.924647261523782,5.5707105826919365,-1.840459253715986,0,0CL
725,ATOM,11574,q,A,1928,-9.808036069187812,4.166596651098762,0.7078849698142506,0,0CL
726,ATOM,11587,COM,A,1931,12.179396456890213,-3.2759176541002395,-1.09570387692285,0,0CL
727,ATOM,11588,b,A,1931,10.895201823576105,-2.6604439698059226,-1.598752868282945,0,0CL
728,ATOM,11589,c,A,1931,12.412038206534552,-1.8017071952387742,-0.2770669981384728,0,0CL
729,ATOM,11590,d,A,1931,11.196047994773764,-4.249639405818156,-2.555458908523898,0,0CL
730,ATOM,11591,p,A,1931,12.108457821565041,-3.892011934812478,-2.8166770165423864,0,0CL
731,ATOM,11592,q,A,1931,13.313442986218416,-2.319495919852878,-0.5092442145607214,0,0CL
732,ATOM,11707,COM,A,1951,0.30772206471942243,-6.066677265661831,0.5265087838442786,0,0CL
733,ATOM,11708,b,A,1951,1.343479393605491,-5.338946690851539,-0.29665156878762455,0,0CL
734,ATOM,11709,c,A,1951,1.6217729832395678,-6.93309051262346,1.1751460237756128,0,0CL
735,ATOM,11710,d,A,1951,-0.35479212655115144,-4.883313236736854,-0.958981546454633,0,0CL
736,ATOM,11711,p,A,1951,-0.5483480088043736,-5.871967448525625,-1.0777795681447973,0,0CL
737,ATOM,11712,q,A,1951,0.6974328681437916,-7.461424472644358,1.1960643964028983,0,0CL
738,ATOM,11881,COM,A,1980,15.546588571803955,-9.63642073402481,-2.938391813479889,0,0CL
739,ATOM,11882,b,A,1980,14.239546135640204,-8.9516381561974,-3.2614984385607686,0,0CL
740,ATOM,11883,c,A,1980,15.860106987252694,-8.282885817262128,-1.9545145689626937,0,0CL
741,ATOM,11884,d,A,1980,14.445930140765297,-10.403757824912939,-4.436834607560094,0,0CL
742,ATOM,11885,p,A,1980,15.34271316325347,-10.021015174929762,-4.714606590418022,0,0CL
743,ATOM,11886,q,A,1980,16.733840374616562,-8.77140582145376,-2.317204758119062,0,0CL
744,ATOM,11899,COM,A,1983,-11.164402692778564,15.579717339674321,-2.9803001842171977,0,0CL
745,ATOM,11900,b,A,1983,-10.980524221950052,16.467714431143985,-4.187886153623596,0,0CL
746,ATOM,11901,c,A,1983,-9.991766690447363,16.56765014354431,-2.2392316441520355,0,0CL
747,ATOM,11902,d,A,1983,-12.011470505818647,14.984314093840885,-4.704168246153075,0,0CL
748,ATOM,11903,p,A,1983,-11.27489890296099,14.380441700579302,-4.356130307818419,0,0CL
749,ATOM,11904,q,A,1983,-10.040240024402408,15.578105944650272,-1.8489360967389776,0,0CL
750,ATOM,11977,COM,A,1996,7.221709435407699,-3.792145495264541,0.001480343265726436,0,0CL
751,ATOM,11978,b,A,1996,7.0483551024560285,-2.5023513063708505,-0.7662319892800706,0,0CL
752,ATOM,11979,c,A,1996,8.663335916199898,-3.098167471859253,0.582756175301772,0,0CL
753,ATOM,11980,d,A,1996,5.772802737183421,-3.7324329752122525,-1.3922433721060743,0,0CL
754,ATOM,11981,p,A,1996,6.5271195804745386,-4.382193976697115,-1.5844899348236798,0,0CL
755,ATOM,11982,q,A,1996,8.666361494688216,-4.163289494960251,0.565236992101426,0,0CL
