-0.36733801144259814,5.229589126085358,73.53462567202975
0.01941621471556232,-0.831908508933509,73.7736854746094
2.430360102771232,-1.78648789984544,73.64835090199263
4.459797150088292,-0.17309391237188265,73.51439899957542
-0.590903269926514,-3.591104636221502,73.64659944931496
7.132905865262046,0.6814886051502356,73.15905618255543
-5.0794649092203485,-0.7120056639344909,73.59617606153135
-0.2134513648731513,-9.60166306599703,72.81855632143696
7.145697802705399,-10.649031077141274,71.95356454196177
-4.9612193104749736,-11.927639783172793,72.11737171958642
1.7090733463756465,3.3122586211385396,73.63119485926738
-2.2857201738329707,-7.703373589821126,73.13937098452458
-3.039391166763494,0.8862066701977653,73.73446004601801
6.8641695012399,-4.640378226406057,72.9662371123543
-0.3359140376881271,1.719459798583074,73.7653086538072
4.504333430687183,-3.688013247292332,73.35934227217304
-3.001995422375188,-2.6313898392948545,73.66031589785355
-0.23689665046222785,-6.128880666673268,73.38616686179957
7.499121659791939,-1.8860464920242066,73.0576780951085
-2.2616099881074376,-11.156877870942537,72.4624493648224
-3.3922085678468363,3.435188491756975,73.61629255956969
5.1342431023394965,-8.775877177655929,72.62245799926175
-5.31102888124434,-9.431178452341214,72.64433100440907
4.110213556035376,2.3329980836202253,73.50500653486885
-2.776046159017824,6.1861328684580315,73.39009149360662
9.155193797009758,2.1523967181737476,72.75547367036107
2.1912493369397623,-10.536645371442035,72.53454290061809
2.465418271363575,-5.294826481409302,73.38260605834442
-5.041668260248883,-4.161418187366337,73.41686165464147
2.8148874762327125,-7.840294454950794,73.01011435303714
12.105858803368676,3.897538894708447,71.96076881701693
9.859563817960122,-2.840658609719327,72.55156593096702
-7.473492111944438,0.25708598917265135,73.33963733054684
7.187869586124862,-7.189449152007171,72.59674060181509
7.115105360770684,4.095754598078486,73.0097281156239
-4.687906819012142,-6.719955879449259,73.15505309694133
-10.1192569449465,7.280593872401369,72.3955687617054
11.495926979536137,1.1512742237715088,72.25187966779372
0.22158783648961844,-22.748001673106614,68.2044822951021
5.240427187270086,-12.161146379780831,71.86501402823019
-2.9815083366476642,8.663468919441641,73.01854420985869
9.855613049813059,-6.3324037214838995,72.2095520922128
4.725739283908268,5.082164673873109,73.24614916610365
10.159123764506205,-8.865719508751027,71.73238402114184
-12.486907816049722,0.4008108864622102,72.39863779190209
11.857690936658685,-4.7390941193569915,71.9162167094611
0.500031111712417,-14.582684345341306,71.53898499856159
-7.729965500513714,-4.9541378196216215,73.03552252391735
-8.080872378449953,-2.5001190208535604,73.17980384048342
-10.46019287514747,-1.5277478588562587,72.81302012040963
2.547562676383478,-13.027123047356497,71.89578962281344
-5.6986992458510315,7.881580830371917,72.94985957465236
1.6745780288742367,6.8141395560618605,73.29004681121351
-5.981509391497752,10.414506732444124,72.45681718688944
2.56492805062814,-16.3854125731325,70.84301476329195
-1.9043984775372564,-13.646377313695865,71.82258417492132
0.5125783769755969,-17.904988242076342,70.38087343922304
11.852934383900276,-1.227669702724711,72.1488966215385
-10.476660864325567,1.9905993190099878,72.80670020480117
-10.78681558736784,4.538236549564431,72.58421067860384
-2.1958682774878753,-18.66055073110104,70.07620469270559
4.3677982300932,7.617024585904943,72.9684219107473
-2.535068979967008,-16.269319297149394,70.96883065732867
11.747201153906047,6.4418260258130715,71.792383292172
-13.063188986067644,8.963995167092406,71.45628966671141
-7.703847837236651,-8.429581478069679,72.55046969729104
-10.402067090593192,9.813519774473548,71.90252637394242
-5.745975262657851,4.387973425739034,73.36533795017748
-7.767573022575419,6.31462440035051,72.91923536206035
-7.801412976154921,2.809592661372278,73.22489590301514
9.120396168911356,5.661853665861116,72.49629215595913
14.78186763542277,-2.9349370944445354,71.20599627617001
0.8522148941358125,-20.256885056176884,69.38740305112138
9.45837425336029,-11.57151859708614,71.29683216866782
14.381628005354827,-8.226664214076294,70.68794576716813
-9.746734779865307,-6.472830974418258,72.52465485471386
14.445814642934295,-0.36955214667122505,71.41438642943463
-4.936952753130896,-15.299520826040037,71.1463504186113
14.128604564623288,-5.686069102829379,71.15384234276048
12.347484651717423,-9.810843436025408,70.98949345758784
-2.182766840658587,-21.871352847386078,68.63531221843401
-4.2484673217108195,-20.080643052295017,69.36232937940439
14.356663526370198,3.147745662411495,71.35472739292472
6.389308806972167,9.163226156406665,72.4550792464923
-15.073380056746146,7.3472580138770525,71.16486242574469
-8.333193313868804,11.380476204494954,71.93315058653447
14.227309225492945,-11.672242905995205,69.98718532880416
16.363689422218584,1.249571982806117,70.75017984686453
-5.257881735347468,13.089227536969645,71.89062319796626
-13.100157847296288,5.481809840338116,71.9584934634279
13.691191122481712,7.9766729865718276,71.01576961142281
-5.513930303141393,15.559358273023918,71.13461772329642
16.96552465380222,-7.365812542614918,69.9225030783373
8.736549639324522,8.214643374962293,72.21791014714536
5.586922907799931,-14.622890986991678,71.11859912717127
1.3077435481874602,9.354189567734494,72.89998091680455
4.310023733088229,11.076405306469724,72.32645529348416
-1.101634031379291,10.310035642469984,72.755191550849
-8.228554552461162,14.770819957934776,71.0342757548017
-15.079566435488204,3.85026245456109,71.56018733874963
-4.230498459989832,-23.2433233057412,67.82021144147943
11.644610611075876,9.916150713999457,71.23888248677038
-9.720850214417993,-9.940143281411451,71.92785308272828
4.929781102359101,-17.249053471331024,70.29998673208398
11.826674331129254,-18.22403998824433,68.53350376223072
7.4417814756473035,-18.89057768707201,69.26790225214269
-12.446233692938023,-3.1166097539429245,72.29581924220925
12.16096875292368,-13.231843779230985,70.18452049451106
1.8967776528049,12.03309850295355,72.29530270452868
-17.646934877867125,2.9582786005076116,70.77639840977402
9.703903408778046,-14.048433926129348,70.55893794414057
6.317633736672491,12.600819422975036,71.70537182493278
9.294270643256283,10.912900859575387,71.57977863366027
-2.8952865096747757,12.09782287341659,72.3062944535442
-12.095508441931486,-5.429485737902638,72.16584431720905
8.967083943400326,13.333692721625852,71.0394744377969
-12.713640616624218,-8.13558002994472,71.62409317767454
-15.045889570554237,-3.9291761321110243,71.53243585291754
7.61924883001015,-15.592727843323672,70.48424132749308
9.547236044077607,-17.38286649735818,69.44682969187109
-15.267485860959198,-1.4788987597227106,71.61419698329586
-12.361318279746854,-10.652007783498618,71.20390948917502
17.181563419391267,-9.888945328896483,69.35305844138499
-14.719168796920997,1.2905110630353818,71.79371754171596
-17.54853566242207,10.773563855161882,69.68957736526703
-13.322054961421458,11.476941916059928,70.85708932988102
-20.192843849804404,6.41482223518139,69.44323877634464
-3.8721805921897214,-25.492218473782145,66.57450769307961
4.714875687848803,-19.63600687338254,69.36014732066901
-6.921953916159254,-23.84948220072249,67.19574453163476
-17.972618275435224,5.510401710735039,70.43738962700924
-10.299120379485771,13.240117719358267,71.10882649440107
12.585155046205017,-15.611023483023786,69.30639298346689
-6.892296583044583,-26.858719317585667,65.391556787223
-17.314549438527962,8.257236284488556,70.28099515676216
-9.643951033390806,-17.380616809474816,69.75101795021469
-8.94074264129452,-25.066419224717805,66.15909253462901
-4.494758294760999,-27.79456335303192,65.05423335558213
-6.973256084360969,-16.738178425969238,70.42480828305212
-6.608929759553575,-19.14594151092919,69.52714172148468
-1.4674275956131169,-26.36949435806588,66.14434720173922
-19.541519428096592,1.30953185405005,70.12030348670463
-17.55916335913264,-0.5587223511657271,70.8819705009145
16.411574769439312,-12.583988316948165,68.97176751374725
0.6052544890941078,-27.971503024550998,65.07905183976676
21.70088672830346,-3.9336401276187587,68.26286681182752
-22.0283327263555,8.253971191562755,68.3249250009227
-6.991323468472359,-13.389674982605726,71.5061792921948
-7.209924719937447,-21.629585693634482,68.31267573542029
0.5799057042897573,-24.99689684114753,66.9587785467023
21.05932745606526,-6.6887556869792775,68.241844091386
-20.104321169875448,9.876199807663312,68.87443737351835
-19.414661216993807,-2.20749832554489,70.12341958912099
-9.992486375078954,-14.954106777236632,70.5403323229723
-15.58945957089901,12.371831467170296,69.96573584880106
-12.576656352241372,14.153960049116677,70.32938881944177
-9.364670170768846,-12.341236123278179,71.42518923755703
3.2787410835425135,-24.202663876123523,67.24563668753636
17.03642246575876,-3.881544405779806,70.33270187269817
18.907376829252968,-5.768706644758566,69.36531650300587
-16.96172520491669,-5.498123131550329,70.7531078506892
-20.298270921343857,12.369855313094263,68.18119591908889
-1.4419992884481871,-29.282757635205854,64.17115905073531
-15.422013594059507,15.739926800554457,68.99819325538407
-12.768941107846246,16.59755634441416,69.47473700825178
-14.925647751945576,-7.42412307622854,71.13593394515267
3.6307152663509896,-26.395868088072632,65.90350537528523
18.953627813051526,-2.263117943939676,69.6682401025957
3.008842292759482,-28.69957515524891,64.42037464828967
21.287524819942178,-9.157036045030935,67.67471885197592
19.342877031742887,-10.784730326624157,68.2288174943857
18.61757482056305,0.3022670038336628,69.87663025586032
-4.144630557512784,-29.883407292497935,63.58837846366224
-17.449107631457764,14.162970955148268,68.81085125479778
-11.638388332244716,-18.6973632572938,68.79012271498006
21.41110597172289,-1.3932912796223889,68.57114727439206
16.238291456847634,4.761552742943991,70.5846156879946
6.464769040814531,17.674985284318353,70.07293162270393
-9.597441640302577,-20.614018331115318,68.39007655683749
-19.51146664215466,15.0448744415921,67.70317009507919
18.71682919602955,5.606513573512899,69.51593385028268
-14.337839712058525,-11.866516769600338,70.37890951930187
23.21348918520235,0.2058213670777036,67.66114150796453
-24.507260218008412,3.84568405347315,67.64696335061994
21.345922369191925,2.115116818731366,68.59047894185561
-12.345483363760621,-13.875001245613618,70.35346760485875
-0.7893669103591776,13.576895438957052,71.96665790208952
3.49883641312681,16.035623987007796,71.02211399975145
19.13543579099988,3.0651081204822788,69.56620155317005
5.912353605973408,15.080255516724407,71.05285234424782
-22.088055458597097,4.766421981763131,68.78784152091247
-21.763041493020552,2.2136012038984916,69.12659511614486
-22.272277214968625,-0.5612897764543163,68.92615553260738
3.3842953486515626,19.33200350664052,69.79517373751587
21.078851083825214,-12.585014558943016,66.90776345561183
23.126136909567265,-13.416303130133514,65.54580234782496
23.88285407125983,-10.713868225111355,65.8985936761167
1.4914975221057887,14.51253459670292,71.64278322384372
19.104243038643375,-14.175588389800993,67.36059781439327
16.532321387900623,-15.044183152830726,68.15498258267495
23.71653658012667,-8.23038791730579,66.55965422771926
8.86203048073412,16.682910878794445,69.99978818431752
1.3836112503806817,17.84574067271768,70.5210689967824
-24.10415543565955,14.948890460054486,65.47914969919636
-11.587096087961157,-21.894899771034773,67.32250036949422
-21.83157703205444,-3.1176099784421183,69.01802159646387
6.047322719979519,20.050297315484244,69.16878709674587
-1.045415478153103,16.047026175011325,71.21065242741967
13.559387557667492,11.430504986838457,70.3558890659934
-26.27839656614495,2.2055694351316504,66.74923228008042
-24.44623853760885,0.3413709256459754,67.83112593275713
-1.0463689860368675,18.711055312759214,70.23502245450318
-14.196591219758858,-22.371493965458313,66.34041425770668
14.646018688246983,-19.67329582041998,67.00419544508425
-24.34387707153425,11.559537734958298,66.39658887547812
-3.40738364526257,17.03808434552508,70.79428350420453
-8.471301813803365,17.206668884314297,70.17251663824608
-14.568223256365087,-20.02612319257392,67.38863587886685
10.928766227382226,14.787442196976428,70.15993758261148
-11.188792922397909,-24.190931471360102,66.17914564789486
-16.845162440305558,-15.579691282344442,68.43149359702862
-22.417934502605817,13.211664559503703,66.94158812025445
-14.088901600544773,-25.422962789819053,64.61156870073289
-26.73351493000345,10.580968833523457,65.24220600549283
-24.782721757579452,6.388876623980366,67.20846079699673
-17.241772779082993,-13.320343767486321,69.02411661909174
16.089417977614175,12.14906896134778,69.31742872073134
14.452490137169747,-16.58437986154607,68.36208899722006
12.000429310615715,-20.573205234368203,67.44261749249064
-24.14992732006587,9.065882229527375,67.08983032990749
-26.077378103376958,15.729468384059118,64.01886842212578
13.277311625121143,13.734176827033536,69.82542962270823
-10.786918646031722,18.083444553977586,69.39446129870582
-16.120059327021664,-23.504455578931243,65.05532693665056
-13.946270334320616,-17.564492927111417,68.63573852056048
13.795728594819792,16.325739480172814,68.81795760801889
-7.704626962670744,19.77619972074629,69.27155107105402
-16.622522361405004,-10.716370298087725,69.94009374264557
16.517893063145834,9.625530144530643,69.74752980314777
-14.243961895996648,-15.115753813073496,69.44251078426804
16.112790537799043,15.239151262419142,68.38283463984062
-26.830394860037273,7.261990440185855,65.87467553338728
25.592584311930437,-3.19258236987298,66.13800250621249
-11.724310156590292,-26.4951764788608,64.62769657129225
-26.872149331183152,13.050369449766094,64.45449279669795
-15.584591255088299,18.14891726091639,68.04266069915185
-12.696502647072919,19.80324662819268,68.21292383908259
19.183716931129197,-16.603494565569235,66.44624749745809
25.51722222530796,-6.689641897678115,65.75881097823809
-10.599069483821324,21.32226924546501,68.02928720355594
18.774533953261397,8.552914248438043,69.0447595472974
23.80301498129063,-4.841690375616906,67.04135481634664
-8.913581808355417,-28.025040289165077,64.25442204182373
21.24223013268704,-17.41170260031913,65.08578133779885
10.765790671400566,18.10412115343061,69.02415121715076
18.28173184754266,-19.194351205395947,65.75410749655278
27.439544857610485,-13.231724956553137,62.82502878657532
-5.389224930427105,18.868393473807203,69.94299000878438
-28.52507542357762,8.869549366675614,64.46759874606487
18.095354554888075,13.22842620941222,68.22070296695075
27.85442745118152,-2.2757234099557877,64.70841471211155
-11.561904347423877,-28.42242471694354,63.345733786358196
13.331152556154422,18.752963826324418,68.02483966108609
-7.907679799006843,22.11317121155261,68.16060606934859
-22.128312131216234,16.56999286470287,65.93103932059718
25.64549209074312,-17.19841539420537,62.5132105037023
-8.53630336739107,-30.128178847793208,62.77993562913797
25.621510033487084,-14.805063385444072,63.51753118111962
23.22064238319581,-15.791657966261454,64.64036316271206
23.11238883210902,3.7215938658844436,67.57429995547592
25.8758598920503,-11.517424042843146,64.4425391283457
20.682877876461845,6.536606413383254,68.50478900635956
-19.60189649764402,17.46553736816324,66.76941935898303
-17.529126171447444,19.01398713466051,66.9775719363718
-6.139434511099097,-31.0647205508767,62.44235700996474
-3.2751475268704553,20.30773942516464,69.49854770197477
28.106249850139136,-4.826341718659478,64.29658377266084
-18.79091166052197,-16.800007287203726,67.22423147954483
25.29777285282421,-0.7499227656800542,66.44441115756477
20.576038913765558,15.136159384551092,66.46272849498165
-8.694215794863624,-34.136927459313284,59.26677732998802
20.17658891428823,12.527797769651613,67.48226926603327
-14.744877243989492,20.712741980098997,67.19297594062517
-4.045543635915294,-32.63065576586118,61.36387478698022
22.832037139367685,-19.045459865878854,63.44601431814637
20.8147333634314,-20.642818560802056,63.78644298225463
18.255227489830048,-21.523823580080148,64.60961722809022
27.48241020204378,-7.564665122688666,64.3046477921461
-9.114504004448435,-32.20422945823361,60.947790196538065
16.675483782951886,-18.054897171164072,66.94661731155266
25.801150764463756,2.0118788811078616,66.10428126785645
-16.8624927576507,-18.840101426385672,67.13552162482635
29.997804619121325,-5.711645252571799,62.75411166309679
-21.00299494319617,-15.537698499178248,66.72329528182384
27.600342697549223,-10.075908661367862,63.65832139167513
-21.587858206872284,-17.996590362626193,65.45370134411321
-6.05632632497705,-33.72593990411676,60.142132328908545
6.7764087618823226,-23.697581543141553,67.05820496981876
7.616205887125346,-21.23904526555873,68.177271169935
8.018062405180643,21.431076718940858,68.19459649313525
-18.786426712884776,-19.99980160767967,65.83462822973054
24.777674100211158,-19.731085608939708,61.87018210720136
10.272621032823707,20.490781325323297,68.13087862074632
9.89497474218544,-22.080916424082034,67.26369005276224
25.391496322305954,4.574703758074548,66.17182301806285
-21.211399085522288,-20.38735919533056,64.51693247266097
5.89873517041778,23.228466634001137,67.66465162314218
-19.221745110728563,20.719671706135586,65.48491414939623
-18.914459670395928,-24.64075770424381,63.211279973864535
29.78333672148537,-9.185887127065342,62.238560580856344
11.742314978077161,-23.715877182841666,65.88035662579257
10.700935107658267,22.95348448911281,66.80685060731169
-5.647127416066837,-35.583597478210294,58.3751836623198
22.986789857301744,10.638343763529605,66.52600192964898
-18.44609208052958,-26.857383201760342,61.94526054094787
31.493508280506575,-7.535169101752643,61.194245858359906
-0.5350164174446945,20.970428005436105,69.26864696527547
-18.414794676278518,-22.345172380564065,64.78640660857037
-21.024625048090712,-23.50010203754198,62.885298795267985
-21.197073594316095,21.507849427134914,64.14653368702831
17.96460701012134,16.57908972317992,67.15433853719726
24.408292909581263,15.404083680935287,64.21984644659803
13.090243838421259,21.958454043481055,66.61765969482975
20.604436941256694,10.00460544587375,67.91306801608694
-22.150172753361517,18.957496779500502,64.91198477346767
15.183470219446434,20.065370154730658,66.80760102243896
-11.475744788743242,-31.208098306041506,61.19749539515256
-13.531231230775461,-29.43423219119805,61.990791993677945
26.608743230499584,15.97399025897218,62.536154408997064
17.909890447515494,21.406561069955842,65.03299073595535
17.492957536328134,18.957086432679006,66.38504507987294
17.395533380372825,23.709164727663563,64.00188637509201
-10.758347918256248,23.614620690558667,66.82361177770498
-6.2053375769216075,-37.41144385541696,56.29010140071698
14.926034636223108,23.232829710446367,65.29695351775901
-15.996435251890858,-26.508479611083885,63.22550571524731
-28.327627949638043,3.0472578525871654,65.41532023469354
-30.821531477544482,4.63496238393455,63.506170289132726
27.137104096944284,13.492585476552222,63.086706950171035
-28.603047115780726,5.591494583770896,64.9777705362399
2.9537027199501438,21.683229806007006,68.78367441607502
-8.614392904361353,-36.5675919794902,56.76022844825742
7.852643479899484,24.55943405836092,66.59257092028837
-28.79673136348933,0.2668122947790721,65.19924273198133
-28.430431819126653,-2.213160905263777,65.37552254043631
-26.17776249392344,-1.3115202975303077,66.82914220381961
29.508623173995886,-0.8566620165506151,63.56257210844838
22.769800227741086,14.045132955255838,65.66958561511468
3.495653723928598,24.134621332266903,67.47853277844793
-17.11028481258009,22.224329078816112,65.59765544697935
26.777541614226493,10.884697133212256,64.12179641958583
27.82718944411576,1.0560604255036026,64.79367059016441
31.385926543910045,-1.495575632487487,62.03829081922406
31.53348855364291,-15.074930765282687,58.76263658980481
-30.768141382451603,1.1271228926182175,63.78269262260265
-9.904439989514827,26.02605864044989,65.61659551308504
29.793367638212743,-11.683745127975357,61.53303893838215
10.46126973378071,25.12064193371245,65.65273487703134
-14.441428672619821,22.990852728104727,66.14079944195468
23.821662893003236,17.85029231789477,63.58136815556965
24.693711659991692,12.035163494863525,65.15765928335823
-2.725863189238339,25.053373039150102,67.12937436128327
-22.999929478075472,-21.47787098726741,62.98517365791234
7.375617069258624,26.78444374067638,65.34258623352075
-17.064926668219073,24.49341765846026,64.33805683771179
-10.69403726953368,-35.01045431988251,57.88025149419816
-1.0869617528798585,-31.32243555115653,62.605031550331645
-5.846377793971612,23.53597974021767,67.71564322281465
-3.5033256392143812,22.64090549980665,68.38554374098145
29.284254867087355,-13.96745556824942,61.153268203253404
-13.419358219426272,-32.15239606333654,59.759035601610705
-32.437125890237894,2.936974797115539,62.38997772121154
-2.9423182081521304,27.257920058307207,65.77688197124463
-5.68048395508211,26.579659343211233,65.97758260576488
-7.790416052832995,25.202579077678706,66.51522792115541
3.043057569288834,26.36183863136756,66.22504252184758
-21.36846004185648,-10.048534632836692,68.18513019388176
27.510334983305285,-17.88736255601583,60.844910532386095
31.63797768200257,-4.045913375667226,61.625092780144584
7.841490978071022,29.045074738201265,63.70833717229489
29.35182287717467,-16.183304202104296,60.180233570850035
-20.990027721014684,23.751203063766383,62.98770606077788
-10.58624693267987,-37.38126005931613,55.28167681003971
-26.076426515458735,18.122156194833025,63.01200937804147
23.994960644258953,20.348200013381245,62.26578500189247
-25.575707631008328,21.349918819446202,61.702765306867164
6.9065105006779675,-25.923527916528002,65.72928613092377
-25.737062311009254,-3.8678404995180813,66.9210082676761
9.627966030393907,-25.162471338189846,65.60861432665014
12.360491140891497,26.31749626665814,64.35013948609789
-26.066484940420708,-6.6242059699316655,66.37847796921947
10.235223118430724,28.099158784070084,63.792565718104
-28.449328961029494,17.134239473682413,61.831443608643056
28.892034147635,-19.43842386212529,58.925426684061065
26.98681782377716,-21.10042769407886,59.509072143117564
-28.39173851840087,19.469702010735887,60.74624359070272
-1.6248926059516862,-33.39233153406187,60.81892376599562
-28.184411730602022,-5.709080535026516,65.18858656668645
-23.563728046932255,-4.770154708579099,68.01673553516353
-19.4906828446733,-12.142921203453227,68.48350527756044
26.16326222528741,19.249098635502634,61.35773521534172
-24.088159364482806,19.72515200256717,63.476891273512635
-16.017824727445287,26.87736533741193,63.232334001894074
24.706049658546675,-22.013025886247306,60.635731415534124
-13.915972466473022,26.055613909103386,64.51477217315947
-23.533073310789064,22.906912350854498,62.08025726309286
-19.44104616259952,-8.722886298226285,69.30926640937896
31.488327566136633,-17.432997782794757,57.67864654089796
5.012982496389043,27.673528124664443,65.15973155562044
-30.01861115246865,-3.8255578424687826,64.14542802291457
31.513968433389607,-12.531512162135897,59.783872005403126
-13.055006814115359,-33.970956130464515,58.16742970325036
20.033565693464652,17.585471642798893,65.79789598460532
13.930832876729283,-24.44583953560678,64.73691210557091
28.10269736730814,17.2786450799683,60.86163631857103
-31.032576818088415,7.16742695276713,62.97895774011455
-13.60770190745771,-35.775916002975464,56.06017105931973
-30.358548322771753,9.913152736266625,62.909125732214775
21.597626070689643,18.90862744310448,64.40223597424732
-15.984787618079508,-32.33349670079582,58.582365911494875
14.788915066464199,-21.97615031538342,65.81670658192844
-0.3782201535704246,24.105390850067067,67.70067633595282
22.688745882610448,-23.610384581170507,60.97616007964238
-13.195459795576767,-37.50324395349065,54.1953963832366
-19.13165588056981,25.258195358463155,62.96641459849836
2.8647348927169105,29.294261059304347,64.28732512058558
35.84897479299505,16.24840569273121,53.80862229268969
3.3755706124854044,-33.417691213626625,60.572918709725926
1.3162277313571735,-32.049880623291216,61.945684926862995
30.576219708144038,-20.04110358539839,57.07197580828144
4.824303173800729,30.543253719987206,63.13060930184251
-11.683229576692867,27.365103462156156,64.32174549473977
-27.431325143897,22.028665092255977,60.02035716880805
-28.80190353308035,13.808767701274206,62.89379461563617
7.456125417403257,31.07602088962537,62.242946741499466
-3.226078066674944,-36.345900304974236,57.8309020733267
-8.925155232361504,27.931705048295385,64.58569729663854
-20.568310639415046,-33.6757088271882,54.78819507708947
-1.2146259456216058,-35.24991849908142,59.05289971893079
-30.293873960583824,15.437040088239286,61.1569534377209
27.611930242195143,20.493075661873064,59.59954889567844
-17.852495043616727,-33.100829362917665,56.95080605717321
33.663258194151524,-3.104350849647176,59.890347883422194
-21.550460435304785,-6.6154765335276124,68.7560959928163
-32.76690575571237,11.031920253902484,60.654719443037365
29.62437226444078,20.908455164759687,57.655919822094305
-15.886976472065754,29.007562158096732,61.755916297039406
-18.544952506758108,28.224504056270376,61.18632924647979
30.12501237056145,16.101895118544405,59.73767076931888
-30.593464026654516,12.097348234426363,62.11918735620817
-23.234678236226046,-8.255704301338397,67.65417345980298
-15.788146287534289,-34.85340490167263,56.13483412492384
30.280144587129882,18.519846515508164,58.429703630089634
23.36413870170327,8.091474772657733,66.86010399932844
-1.1099272754641447,-37.64200076992776,56.47357992527013
-32.835988092145016,13.476312679678955,59.78427111050998
1.4700811628985093,-34.58409316221196,59.64166823222298
33.84033691418685,-5.646027169830461,59.39543010203808
-32.07747363448104,16.093432304542375,59.389841539268915
31.7978279096817,1.2835360857838225,61.71054652523482
29.44392962760989,2.6613956276263195,63.550318239500754
-31.982473172310023,-2.8834406705555864,62.732300215032055
-11.552779640741619,29.49592734140421,62.84465835789358
29.159020780769254,12.316462573691581,61.96207196892739
-32.29353380002382,-5.636121336689172,62.16287643946531
-20.68151996167009,26.786385294711692,61.161310488242165
20.743108921766975,-22.924758838109653,62.55199229058745
-32.31476077904222,-0.5747572376512835,62.578492695562474
-29.723420345113965,-7.320166058504839,63.857266950479826
-25.488863255306086,-9.15076810291302,66.23749223565063
24.11087103075161,-25.086163691462502,59.02695534933564
-10.405181070900511,31.6627914461055,61.43396970540651
-31.762209677724144,-8.176464505573136,62.1261577607453
33.213439643691885,-8.383633803550424,59.444823737848466
-13.654631901713913,30.317678769712757,61.56222018662818
32.22359291587449,17.262536078243045,57.25479637509285
-34.528919727066466,14.147378176329482,57.93512872045797
19.697398964910207,-25.36493522277206,61.574138059187575
1.3183292660717996,-38.201416501814975,55.74757909372441
1.8783427590394695,-36.36342537525263,57.79627685239261
30.65337323700612,13.620490336124448,60.28822331049285
35.15399649911751,-12.383256187934023,56.20930617906471
3.364150940890994,-30.737928344999148,62.85383290342678
33.22347056041926,-10.881491804460438,58.7393020953743
35.47583116834562,-6.502158309826115,57.57105732879698
25.44801102936637,6.94205257168295,65.82519399072562
-34.31524507866138,-1.544256212342674,60.82909785589659
32.626044547743334,14.077078904338919,58.312749246079406
6.052375254956672,-29.903151220631344,63.128218015811385
35.222200673288825,-9.907912393566932,56.99059312399207
-35.77455116054401,15.723066910174765,55.94270573676057
27.1551615711912,8.339152868540793,64.45548424480616
33.51193835392155,18.39453195786669,55.30636049963313
-34.07490389332003,17.463304496586602,56.848291905966775
-30.18787884408181,20.10251848706585,58.98243571064664
33.93343134899098,15.125453686817792,56.53905872420536
22.039583517541615,-26.628143441018807,59.287060115879044
29.336951550251655,8.900413430995087,62.746414302321355
-16.399657721364576,-30.328934214496456,60.178090209712266
-31.92014546160226,18.513122326240023,58.34958722184673
-36.15276902555533,12.37405124720351,56.95643466293335
19.492247550213136,-27.501646243831004,60.151846981548104
-10.148418574995475,-39.039126508108154,53.33230045664429
31.36924792479931,3.8357989241421535,61.91539183392756
36.741724942734464,-8.19992874796381,55.76081881099073
33.617088161733136,0.3995161118304509,60.08382564537955
35.25389493467529,18.67890472751938,53.12161763177686
33.20502139788218,-13.284366927032096,57.90367611820038
-31.482530828601597,21.582570735278182,56.94901701752396
-32.858987832190905,8.00218450030465,61.334185523546395
26.788030377818984,-23.34959231377266,58.22861790151147
-20.1346742530107,-31.86422659730343,56.91563993306052
-8.280645053980805,30.772891433392118,62.63160682915638
35.69329569366292,13.781678779348141,55.18475577197968
33.08120526280044,11.566085921830535,58.783537909135774
25.668473015212015,-25.78999623329247,57.339304671302315
4.317288861970638,36.40217389980273,57.89458783376675
-13.0373393505852,-39.63596775052494,51.41344812159703
30.886218273593357,10.221508274195685,61.16791310333072
4.33588262225706,32.553847311514176,61.56406827954511
-29.59825378027074,23.240232471029827,57.52548607563416
-27.245960773121197,24.265724941115906,58.7161668902575
-6.6398095789059255,29.091450140778505,64.17031606849612
-17.62021709821269,-35.54513921149902,54.43039134522452
4.8069308553045005,34.58555801907596,59.65255810093721
-34.18720931980462,-4.684381054602028,60.66471774919391
32.74150571671612,8.984687411683439,59.83909082121569
-33.88103643773027,19.794526652926635,55.722847697019674
35.121275408846685,-1.418178610896291,58.560223459573635
-20.072729542729803,-35.484509455365384,53.021587688869275
-18.681167498766968,-29.09163378124495,60.14317927313199
7.242589309718426,33.750654953669226,59.98163828085747
9.37796629051229,32.13570714068385,60.895504086777194
-10.649531775296367,-40.568759643313314,51.00709572755774
-5.768136277800409,-39.06896381116965,54.34142271495877
1.8885208481927407,33.31510174931893,61.153545408353565
-33.115067681802316,22.103427271568222,54.99942195917326
-34.69062718072561,1.0050297974444788,60.5184966360771
-34.24264841655511,3.7870800926570496,60.762090933546844
-36.434861077761155,1.8607802830146056,58.796690543952124
-20.610500535651425,-27.09662213459481,60.69062841462032
-3.1015977152147514,-38.64848610946973,55.186213574649386
12.107351733415925,29.236211660644244,62.3992853425773
9.161166349315153,34.74382545633625,58.54246230281849
1.6707628032470438,35.86747462090716,58.73989399229491
36.75637134357714,-2.2736826923286912,56.735181254340986
14.630174451251094,29.606383499733,61.176203847369166
-34.47431113232108,6.305521639686106,60.217578711166155
36.93384838304078,-4.815986071075201,56.24093290494845
-22.806650296597923,-32.36621185530541,54.681695031491856
-35.68499504475909,-3.238769969720863,59.41900489568742
11.559657705834752,31.30873645949262,60.93648043066649
-24.732634274202496,-30.380228317488417,55.27247172833286
-20.548476604875873,-29.85959350193005,58.51228885080191
38.67864684038719,-3.841618398323078,54.239233631446766
6.396052463867306,-31.8741977025895,61.4747940707701
-15.10604190569535,-38.0951560905967,52.572914018943735
-0.28473719581691626,34.69330005120284,59.97920946202832
-23.347708940013263,25.143972199714426,60.77606698454237
5.734742234579528,-33.978959985566036,59.70404436717034
-22.979288603759443,-29.797630972930875,57.06642693793346
-38.06410122756728,11.219716110978851,55.21986545704799
-34.38945856364646,9.25894449937445,59.67558290540792
-36.082390198567936,9.930009996024978,57.82644051535591
11.738770869132424,35.023142542059645,57.412307488184425
-7.73936324755573,-39.882978384034914,52.86217340910382
-37.85053404203282,3.6765805310235464,57.154258043798464
-38.053453836752254,13.638201145304578,54.27770954011534
-36.400165326483545,5.365746094477458,58.48896523573136
32.85620840466078,20.784184767794727,54.5335295468074
-37.0484063458087,18.66892371777692,52.8215910903436
11.91652687119199,33.34402508539,59.0051374761113
38.7705339262273,-6.373410078521772,53.67430385569362
-5.601952489837998,-41.14120513400388,51.50228308321171
-35.38767204706261,20.38557715037018,53.69388208613232
-37.2604678623845,16.330372779709506,53.92858902315628
37.12410611751852,0.5103696587531203,56.403986987376484
-15.214545832388865,31.809226254629976,59.734747990089105
32.51927829675796,-21.175339480618476,54.3664129730828
-38.935799987546346,17.504410299153932,51.065725566171736
23.273903382718373,22.69287902779604,61.41500727243404
-25.20395351146516,25.823064965563532,59.094356514120435
32.22877378434157,-23.381829626441572,53.02963050586864
28.49535742684509,-23.935774868351757,56.3634062887525
38.12959791527578,-9.126503440441269,53.78327160514469
-24.98500607807506,-12.57965400781194,65.62980037612111
32.78277260868214,23.109797265362374,52.925518758589206
30.357510640181346,-22.296240984043294,55.805249453923906
9.738148818920024,-27.33066371269655,64.18580879522868
-29.146027399134226,-9.847008757010144,63.71764831653972
-27.02810060895294,-10.762134191915294,64.90753971907269
-29.267224351525982,-12.53806901839988,62.85396494382722
-36.3623190787674,21.822245935553525,51.46078939542984
34.65178462043724,21.804766752529503,51.6844750605308
13.33039477989277,-35.79300164149899,55.50644644914432
36.37463214527179,19.664808087533828,51.00909197051341
-2.6566136809289276,-40.20693028568479,53.1852910477004
36.791379621158455,2.9872144506209395,56.669373414341536
35.00856506775884,2.0665048591089032,58.663288938200125
38.67562056776032,-0.3426982548061517,54.50547914026434
-35.5493319781508,-6.272703375874926,59.12847328057374
8.835357024831296,-29.607637521825097,62.770883267482205
30.91271770248784,22.04045104438333,55.70748394663458
31.088881507630617,-25.83515547550988,52.20155872408397
21.057199421925304,22.110708111731725,63.07298151068177
-3.160420141917683,-41.763551277659076,50.87823575204514
16.42792569979872,30.560609023687675,59.59617185472503
-31.321312251064853,-11.597303137774134,61.57541597768686
14.309376118847013,32.337243462267026,58.995533240662226
-34.49087015664168,-13.858212558588775,57.93169092301177
-35.15019197602726,-11.363086473996646,58.20835960658458
40.11063281611342,-7.194700187591678,51.60869534436581
-35.02801011975015,-8.68656037190516,59.11311350617258
-39.46812366386263,14.22022294040778,52.18108465466527
-32.64290087694016,-13.121627873761412,59.942051473598966
39.926825593087585,-2.161910485822432,52.73661853436103
34.58065451486803,4.619465365104418,58.86838943442528
28.952053572823388,24.02650952416684,56.16958554317718
15.146683150502753,27.468539020144163,62.554552767160104
-40.436398710255816,15.712954256890725,49.98177643358231
-33.14860367313236,-9.709015145687914,60.583400091835486
8.891268517619494,-31.62025514728404,61.13173281719817
41.057027449797204,-8.954293027727488,49.60649774315927
11.60610441898308,-30.8407898694866,60.98593532279084
34.855548261564536,10.283973245812206,57.38725713195306
10.656311893346697,-34.837358632718804,57.58489999821661
-26.500122136802673,27.26628353222901,57.03630086289944
32.761394262816566,5.503485339057818,60.49511031428055
-12.951272195309059,33.04953429649066,59.45875269122466
-10.197653496201866,33.61426912805365,59.766927365632895
36.08917434925101,11.26948152315569,55.70462790628663
29.567456998298326,-25.33773173825861,54.24497280057999
11.637919332120703,-32.78292297461502,59.26432101834685
10.622449706024867,-36.59463515934843,55.67518050016817
13.80334090776077,-33.30056762055273,57.93017056945261
15.486284721219533,-34.43092966430925,55.986504247581664
-37.67752163067922,22.300032354505987,49.27456402156987
-38.699121584082064,19.729815036043988,49.86647826458592
17.458365649914185,26.308414901534434,62.33458447095573
-7.5612615550560065,-41.864834342665574,49.96018913168798
42.783260138472485,-6.992253750432212,47.265291306533115
41.31222278439958,2.3093116641739755,50.70338364687599
-29.35053915285218,25.423977168027193,56.14471290030862
19.454986702599825,24.328023663310688,62.628693150764875
34.72835335947772,7.377083054885787,58.257956204411
8.463387246096573,-34.243737460661436,58.84226406465406
41.358175188167905,-5.484896284100074,50.10776142125876
-37.34532892255655,-7.082401249287756,57.09936871710839
30.17164859437827,25.108711051545527,54.14968707109058
37.81787640031877,11.551221705127091,53.48347917454966
31.945053292333625,25.381339946754053,51.98900864458484
0.4173731186525913,30.055515497109127,63.87680224939403
-0.07042037432790949,32.065762595596766,62.30956355945942
36.33072406059429,8.10088741188224,56.358752584733494
-18.377091137885174,30.292359505545818,59.626505409714255
37.70737344943552,6.469064581164162,55.09261250190288
38.129852535516164,9.01428246983778,53.93449492540198
42.787597327235375,-4.47268001539814,47.88550770628406
41.591847795000376,-0.16216264603204422,50.34316900608779
-22.767231215302928,-24.539715735718914,61.266337058673614
-23.34674308258053,-27.72657391023938,58.587176374582995
39.71649754164551,-10.646294834170192,51.04798081706106
41.26758459288254,-2.9527534293034705,50.67224871690702
-0.21056972696692355,-40.737441036235964,52.49818893095535
-34.584246211341195,23.516499962616848,52.30203321852896
1.764661654143282,-39.699045951863155,53.82373283435054
39.84520845672236,1.351026549890804,52.92383238578735
-0.0790838741606592,27.781897215354547,65.48571348472002
38.97823807906232,12.629914692265174,51.452218429592804
-26.468692225288294,-14.16476382641963,64.20773558170386
-39.075485235540356,23.24579299907373,46.186697514955526
37.526487608141366,14.871252144442053,52.385412940747884
-37.214693688593144,24.471028639845315,47.92862961563945
-25.089023470857825,-24.74152173808406,59.66389016112758
-28.55831748768989,-14.98660831775544,62.488358108664826
-39.93168668895365,20.160712142332812,47.62301265396364
1.1715184293251184,37.619095391216945,56.890904881422
26.890830607226263,22.836710515611344,58.74781831105041
26.8605358519261,25.16852446555734,57.146835509569215
-22.643421133181505,27.410834311516,59.58091015331617
22.57694943066835,25.7696509390434,59.855366353862976
-35.43729025315852,26.164584999271426,48.76961825120618
24.721503648206237,23.936785445092482,59.655896333246815
11.966764762201677,-28.025794566440766,63.04963844113398
-17.242032832937497,32.46243738092002,58.251683363345805
6.251865647192659,37.38100670926545,56.46831296783124
-36.139145232852684,27.41684009035106,46.33292525159716
-25.576488603912793,-22.46886440375249,60.818982964656655
-25.166613801961716,-20.17733806253466,62.38995676272914
-10.159770063047489,-42.00926517164402,48.9032779388546
42.15604502465891,-9.746481557608405,47.415821659556244
13.735728406683023,-29.440536425422636,61.35605552407684
-2.7269819457046367,31.291785519403078,62.89488236405295
-24.523842541910625,-32.88163006049487,52.805169287890905
-39.39716130323856,4.5167908328455155,55.24654035933692
6.371613389415245,-37.902423527908155,55.37362753226286
4.351881314031999,-39.105150408608864,54.27316972111872
-21.806005547313646,-35.98122584523023,51.155718154316176
-20.353159809719926,30.895452958760785,58.05544433805521
4.291323914238234,-36.85616332868304,56.97899767493557
-40.6416092025938,21.450065565035317,45.207944378325806
-41.42245212743714,18.30742510618134,46.58434303899652
-19.729718429786402,-37.71034719591097,50.31876107046399
8.643457875934757,36.57224551744932,56.774903812496504
-43.001766657697914,16.957544089586833,44.66423344432624
-39.82189670030178,1.7331329894417706,54.98163499257616
9.057762892060481,38.33004284046615,54.59726083790035
5.998761486840834,39.63004876102576,53.773636524651764
-22.452374822831956,29.482346466462587,58.028641909999195
6.297738283279131,-35.56984495303803,58.00733682919564
-37.80465341728717,0.16522236495987386,57.385644728573325
37.99406235895444,-11.600030838807015,53.079600288046535
-37.42950005435779,-2.3843442103511734,57.69761304802158
4.077234694903183,38.73581637415299,55.27139192061388
-40.89383920121628,12.384386759748423,51.025946254156324
-38.53009570408858,25.36348348641056,44.78950810087248
34.27909804576345,-15.06579730728916,56.01418355278152
-41.68194895160383,16.02288978914308,47.78958151475656
38.60958999695944,15.925295298578305,50.27545411542566
-21.418603941010815,-38.12567955750592,48.39216984257261
-24.036277716560846,-34.65661636035847,51.069030417760345
-42.39846359945068,13.31533589664835,48.1878398212079
13.267317838984468,-37.46908552018502,53.52584499222915
17.7047606578451,-24.62565363642352,63.06387773889769
-3.213912172216112,33.23252279483111,61.24110674980723
1.941510482208031,-41.70426208170096,50.93795758935131
29.280880913633297,27.32269718645182,53.129582011117364
35.683034942415446,22.770234760411796,49.50596839329852
-2.713535058874328,35.28299803949437,59.35810462143171
36.43866759215868,-13.230385661681794,54.36758175955664
-17.390389131667547,-38.8336653736595,50.25873019089049
-24.329288213794484,-36.19211093333851,48.71160910096954
-26.79979059789352,-32.573570599947715,51.154106352919925
-23.729903911900152,-37.80296924520255,46.79379082028153
-39.53080314256093,-0.7970810871187837,55.363241160524964
19.253768189208785,27.286415828037462,60.73490015533169
-34.12204532781837,25.68784274099545,50.956796480235724
14.084799597528928,-26.552105987115027,63.33560418646924
11.470999132148108,37.410940539134884,54.854837640456836
37.948679526969926,20.560663260012603,47.9927736268845
38.04612231813675,18.248522016317906,49.61853799223873
-27.265395565362354,-30.676028677469645,52.862016089032025
42.83729018656172,-0.9797274427253342,48.21786736808208
-21.77111254221731,32.18435885485937,55.97460204720146
-26.82297820001037,-28.897166597533754,55.01642054859876
-16.934360614247964,34.36197612509369,56.52271044128206
-30.946307256436683,25.962436270387315,54.21512305926261
-37.242744688518144,27.766443000296647,44.0321786234756
-19.583296425464994,33.57835183422327,55.91136271796104
-36.953132794090635,-10.318464617246121,56.66105595734176
29.003897876800437,29.4619432952301,51.29931441227184
37.359164906042025,-14.982829312207343,52.347157312351
-42.50463072129793,11.139214201566062,49.06280948378533
35.719933808126825,-16.581423063715874,53.568380234370395
-32.847489771429764,24.29332473458581,53.632012670280616
-28.195177574248078,27.81730968718304,55.17606586684563
-26.508221069456454,-34.7881285801453,48.567144010242615
27.170162265333488,28.456153013219165,54.129658846408816
33.731524091904106,-17.434318851706763,55.391129414937595
1.6433706077208399,39.391601774833475,54.7376128339324
-38.54027529789312,-8.327415376098912,55.42821103929619
-28.382172946862966,-32.90965990885479,49.12334883955002
-41.6586316430556,21.76951757329425,42.84088528104573
-42.65054823658568,19.203488685747374,43.410098088135086
32.975676555748635,26.347154447675678,49.81119964498977
34.502405573137935,27.182075044235546,46.75251445280314
-25.696929215632622,-16.600897768155136,63.7491276065753
25.950567243778636,27.37395148584045,56.14955731849544
43.80152436108321,-2.764541972766011,46.24566338521409
-16.74034366420139,-40.37168885443978,48.271438651434025
34.844019135512156,25.041426267205566,48.569900759399005
-41.133357302904955,23.836852549566828,41.45779202191265
-39.5583623057793,25.659710929294334,42.42531054188342
23.931304300813224,26.917957223793223,58.07712661689867
-32.8276956958332,28.072602204677196,50.16032907314353
8.601527659185336,39.89722678365038,52.70079256753333
29.650166701386695,6.335826892999137,62.991539083258644
-43.56513825481727,19.500596922117097,41.0
-19.259948343315216,35.40548069753626,54.096273151405555
27.692519027673768,-26.913486021882136,54.68972896293461
40.07018918692478,16.084415180075695,47.85846841633993
-24.786925746148142,30.414527400365017,55.573469473506734
-23.636648328239772,32.617424129734445,54.22182719036245
-14.935613952760093,-40.14396195159122,49.717349826562
30.984210571661805,28.301732290020368,50.275584929468394
22.982895781189654,29.072347562914047,56.98321183657602
13.59632712372806,35.80784502931698,55.809685646481014
15.93761700225474,-31.875381493724717,58.317889612534785
-1.2842936950806347,38.19647098274848,56.280306620758594
39.49083880264007,-13.11524586047031,50.278234778914666
36.29245692802505,25.819060965366873,45.4578319559443
21.782473706698937,-28.72249128524419,57.77552954967901
25.32225323269884,-27.904550003347595,55.873819012640965
-40.90448659203133,9.965901725422668,51.968102171088944
18.737259489957097,29.424260307626298,59.35655123554075
39.60043504136095,7.58426134011961,52.344387802575696
