-0.11314126613720532,6.586946373886143,60.93065999813291
0.40635740237163986,0.549542650629931,61.41930548908681
2.837428067526531,-0.3559689017240544,61.33218345067587
4.83107349704062,1.2943429282947818,61.12994407499065
-0.1428248402365,-2.2249468592677957,61.40585841240272
7.484891365516944,2.1923164401675663,60.73842869479398
-4.693588586890826,0.5502087857425266,61.24012830619455
0.3655731899321495,-8.255460748530403,60.82575870172258
7.746053987392628,-9.175844397545742,60.00065620085246
-4.329336091559554,-10.712076445324865,60.224311150537915
2.0047583668785194,4.719866644381121,61.105735490830284
-1.748266952499506,-6.39085984197823,61.069515366306575
-2.689522818998114,2.1979386909770824,61.31094890599536
7.33354470040112,-3.138371439856627,60.765758398809226
-0.004964465659725192,3.0896512385178028,61.3063467239661
4.952531262512025,-2.2222700135570363,61.12007349208557
-2.5749789535187517,-1.3181988797132291,61.382588886879034
0.26632161076415173,-4.763173433192485,61.250288360477384
7.907897217525431,-0.3691087946733518,60.74252936383965
-1.6473470475547458,-9.867726813076455,60.53508834783531
-3.0985818423754097,4.731468087331471,61.0889094653503
5.694337024750865,-7.321287914812846,60.59349998935096
-4.7353465132888175,-8.203482047529196,60.648334363104425
4.426901253558839,3.7905885421035066,61.017945712772416
-2.542171294944609,7.483388310596538,60.74871777307612
9.474484579441054,3.6892961427655777,60.27314210234067
2.790484374108786,-9.14817564639614,60.579679730691566
2.9492094841004075,-3.871097534065143,61.21016044872738
-4.579957069139965,-2.901918359980627,61.20369963705815
3.35477254668632,-6.4209642900682695,60.94322763153173
12.386762190111597,5.463886823071427,59.40593680037421
10.288715175804498,-1.2911794184735754,60.275314622783014
-7.108063303908807,1.456218930430353,60.94534286116061
7.713580612354946,-5.692586364394366,60.50068515441416
7.392884918569081,5.596136475580927,60.44842700473208
-4.170893568247635,-5.460719017304019,61.04620599172921
-9.907135519139985,8.374748626677665,59.714197225557314
11.836751021926489,2.718788362096163,59.8101324886527
1.0896056037485948,-21.567623045276584,56.757060378077426
5.874528232690778,-10.731578928245174,59.975211761835794
-2.801619604033476,9.937772861168746,60.27554544419013
10.361374279601478,-4.793796154315963,60.07678085630431
4.981815122739704,6.538832049060751,60.645922562608234
10.719854097132384,-7.337578443115593,59.703132776404914
-12.12430837888985,1.4504773684479275,60.002433330932945
12.327813972238431,-3.1703756049879956,59.71729420113934
1.188625686729921,-13.2674375698146,59.75253648315589
-7.250501181620308,-3.768005686285072,60.856159874568334
-7.655857983195517,-1.3188909267175504,60.8994814383114
-10.054889607865505,-0.4147842809035396,60.494424112950924
3.2022234871818682,-11.654463916568012,60.04340740289075
-5.5010546065653045,9.095271903225743,60.24154834179552
1.8938496366830577,8.204322159552078,60.62004112565688
-5.839704081019363,11.598459747030226,59.64438240833857
3.2924336452228715,-15.051822107728338,59.13003757180263
-1.235607934481692,-12.374015083248292,59.99881602003455
1.2737931891054473,-16.63394064758843,58.73238868804077
12.246275448458391,0.3468678848070965,59.804476209798224
-10.148817638463981,3.0998325308262977,60.34354604372368
-10.514603970367062,5.628767933649442,60.01645723660732
-1.4175899835875612,-17.460632474582777,58.460853716212796
4.568600886953277,9.052364900045347,60.264158758188785
-1.8094115220467586,-15.041957859140446,59.25389469032086
11.972448131948937,7.991390683638748,59.13316199210567
-12.887634907917999,9.95354902007363,58.708715395136494
-7.148893038708991,-7.259357924071054,60.51510220055866
-10.245958983305115,10.877710456226659,59.11841644376602
-5.4717222352331305,5.620226200316978,60.80011075969287
-7.535321971782338,7.4833624082289205,60.27601668599851
-7.492117145787319,3.9934184525528806,60.72559930271194
9.363263683172448,7.183209942923106,59.869809399349776
15.212505125412946,-1.3328154285679759,58.930536583551884
1.6645413038839934,-19.01665933819193,57.836066451205284
10.078508004018886,-10.073262488582852,59.38050296962365
14.928034656448148,-6.6498525092439955,58.631492715527486
-9.233734617166334,-5.350350510290895,60.40949781207115
14.820715333028716,1.230442467673079,59.03389380846346
-4.231276034372598,-14.119117304643389,59.39337083492046
14.619020670493512,-4.097766859139973,58.99321663098988
12.92875701869798,-8.26394579423079,58.99920563963104
-1.3343247940002527,-20.726777701381717,57.15290445662305
-3.4376848367745083,-18.953166199362148,57.8069111617603
14.653777718132488,4.73965044159074,58.82964585002708
6.555656773640351,10.618968238428046,59.68646170665534
-14.860710670348027,8.282550308605224,58.485660823378396
-8.21151762837701,12.489845965478949,59.08256294789737
14.848041030132606,-10.123440210487747,58.07343223357486
16.701707113461907,2.8616126324238778,58.302523303473265
-5.1739729786194175,14.263261536293506,58.96800416856689
-12.848607039973615,6.494279804575619,59.35337136558235
13.882330795132475,9.534130839476454,58.29208528666385
-5.48388931838025,16.693773521077127,58.11135292437683
17.491844878923928,-5.764182148238543,57.82959549345645
8.923772090065484,9.712231574137135,59.48727217444241
6.2751266234128025,-13.213380383335505,59.33035637737942
1.471732666790274,10.71705858842386,60.12657187357598
4.435756795141316,12.479756636105122,59.48050875030276
-0.9579749249821816,11.612792936433692,59.94442908267166
-8.180371320087687,15.842021138808242,58.04517366956702
-14.790954223722679,4.805498474455028,59.0244275454271
-3.3502464628790563,-22.17578776489826,56.39613060614147
11.794299317623484,11.436184934653227,58.43618167091131
-9.131506817030015,-8.838599114964204,59.95567940249083
5.675937343556029,-15.885542829930486,58.62126465840919
12.593017159307408,-16.781303449546268,56.89152342490911
8.223350169662893,-17.51154908164218,57.65654938291033
-12.006344355173297,-2.066290824465902,60.04480037494244
12.817630282866503,-11.718792073475921,58.335610857124834
2.0025868266163513,13.380684544181463,59.411401524072005
-17.33799044239595,3.824950727018596,58.279544591021704
10.379030387128296,-12.572466892784966,58.74622728566027
6.409569234232919,14.020321454196129,58.79510558679419
9.422150795609554,12.394070035149348,58.73778492645482
-2.790361281517363,13.34136769566392,59.42308990120159
-11.604975759904676,-4.373981065815826,60.009615140677795
9.04280474411189,14.782738632028618,58.0987724793963
-12.163376044774537,-7.113492615891872,59.579824972272945
-14.586527959629876,-2.9661948313991715,59.3168537109629
8.327807243534892,-14.163867834266721,58.73570784471701
10.29546504041133,-15.95271772724686,57.771226193892915
-14.862271280213236,-0.5203875734760075,59.29794661588994
-11.755202102748399,-9.636505706237593,59.26417805086396
17.76335755316046,-8.30326540965541,57.36421064269126
-14.375702906058109,2.2656690632612353,59.362449593839415
-17.410550284288007,11.590196784612012,56.8713461908045
-13.20004700480925,12.433175391007097,58.006318966979734
-19.95926632346223,7.1680454573353245,56.806429395434805
-2.942837453068563,-24.465269467505653,55.244220265814874
5.513348102446173,-18.31254189265882,57.78104963343577
-6.0275439872889365,-22.865608397654704,55.79855595773978
-17.71964714772878,6.354123502446576,57.835712154950954
-10.217532276718373,14.271095680925399,58.18415007963375
13.293197652503352,-14.12260503416125,57.556236154572844
-5.931349373864066,-25.944386719020667,54.11995932833912
-17.12167379525991,9.105523613308819,57.566353101484424
-8.891573604653956,-16.35830911009528,58.08742496512849
-8.020128918438331,-24.167966652009532,54.81451872802222
-3.5140737048313895,-26.841435865136013,53.820234171976836
-6.235526828293217,-15.630725251941904,58.73325253587666
-5.817835265982495,-18.064092460232832,57.9345662467814
-0.5189070553197439,-25.30611481140051,54.84837618726931
-19.19637864214502,2.1102996255388646,57.69341670461131
-17.172921213828346,0.31850645552145807,58.53021313844033
17.053688744436243,-11.028344159065373,57.09537241728765
1.5887521548866061,-26.905302708769774,53.848681872721215
22.15115221992764,-2.3011718120777402,56.027887549945035
-21.833682793937754,8.91926432192956,55.61426481640257
-6.327417717357434,-12.24114150137829,59.67474234592345
-6.363919709074679,-20.60835030068235,56.82418125844447
1.497014613559088,-23.85710474788398,55.60515003775083
21.570851991151812,-5.067551252996104,56.1208683724135
-19.945459090227814,10.60384563956422,56.09599609940602
-18.992216453619562,-1.400059278615089,57.84078754570055
-9.292869363911677,-13.909407328152113,58.77591663246881
-15.487489709120098,13.240761577875062,57.081174424070184
-12.514026557051665,15.10174757604409,57.36775774164164
-8.722797498164937,-11.249425186204686,59.551557704360334
4.178611305401034,-22.992860510477215,55.85703707674179
17.486312146638227,-2.2658765839217168,58.095778827914614
19.399190318297116,-4.150700339807948,57.206218537862355
-16.467852831332237,-4.6076393384961705,58.604786539106726
-20.193718797818462,13.062486497823016,55.30077144706718
-0.42877810250340076,-28.297605527566105,52.996999114126425
-15.39336798134056,16.56892445452801,55.975583194533385
-12.759406112248598,17.50358684900673,56.41418447191052
-14.389652940355802,-6.470888766724929,59.06499929572129
4.57866163943703,-25.23155123815841,54.605642432342165
19.368407219384835,-0.6345985495298407,57.36528645173712
4.00729671049794,-27.606959872963436,53.219304834326465
21.85381579225313,-7.552435138069761,55.654936440724384
19.944642869354794,-9.197578756972995,56.276527321974925
18.97619169765227,1.929259065770701,57.46796611368359
-3.1175622684404516,-28.981308110653405,52.44157451358552
-17.3851680107945,14.940820722194978,55.853916110116586
-10.856552280037846,-17.75628841666939,57.18293966194375
21.80626685862285,0.24268193603519705,56.23071061512621
16.499236133555,6.361302063903075,57.99263076485954
6.445579376302845,19.025509836468963,56.955241589747345
-8.773599553481745,-19.64379683518226,56.860093090062435
-19.466158107310804,15.732179722991752,54.712371476710246
18.960241127354664,7.214759430489899,56.888840502213725
-13.704783716657687,-10.926779384796731,58.491102139245754
23.573451664289053,1.8416431389352113,55.25454314268973
-24.21497222107837,4.432979891696533,55.12025097526339
21.663939403023363,3.7465772783838958,56.1066568959169
-11.669275651452665,-12.89033157761768,58.54695643678281
-0.7170916535245624,14.850585558877476,59.020846826681066
3.516190183598326,17.3618084854838,57.97267255664195
19.433599480493314,4.688397973486808,57.042878348482645
5.950037715088399,16.461588166108022,58.04198034872036
-21.81722879386288,5.452794636796156,56.22097907198952
-21.435997817878444,2.9242215804276555,56.664133945095216
-21.88493021250619,0.13224716414221405,56.57812485335842
3.3302483763803252,20.602088124906444,56.6125308351028
21.71968384448843,-11.013192375555121,55.030082086669495
23.785365339607267,-11.854419755831277,53.70190835729619
24.482335287521295,-9.123361807801249,53.942693274196415
1.54237774450678,15.821243667392764,58.65807572015058
19.780678314242692,-12.625970553572763,55.54852504610318
17.22751596178199,-13.517806306546326,56.38107533989671
24.26180571183113,-6.618733483881972,54.50199074895136
8.864438738821775,18.083897187577534,56.922060212406905
1.3626572157785688,19.102937504385736,57.40004746458709
-24.055155149089757,15.443219694403304,52.49763396349971
-10.734680004338742,-21.01071688216902,55.847820374628384
-21.3881700348835,-2.4078025195599437,56.776185274071
5.976937778022489,21.351782822023907,55.95551860359643
-1.027007993285423,17.28109754366111,58.164195582491004
13.67491547201081,12.954375029643721,57.49140459914764
-25.950396234494036,2.718705252417905,54.29189660979756
-24.077037517222777,0.9417805898085234,55.44869039428738
-1.0864711052562654,19.90234033656423,57.07990440436214
-13.332316490411898,-21.583894031414957,54.888713685149185
15.443529201323656,-18.229642587643845,55.42281384184798
-24.220858691513484,12.090518619874658,53.55268886296352
-3.4106196903874206,18.202991384290677,57.70910984985642
-8.47634265544167,18.23495729228496,57.08451476338189
-13.755491520323176,-19.205147090082193,55.83879204147547
10.972582504153394,16.242654351013286,57.158603404011046
-10.286080610788673,-23.342190394655898,54.79963582757637
-16.129469181745094,-14.770527658325921,56.69952054603391
-22.330866952304575,13.805876922798731,54.02955689325216
-13.15748742941355,-24.70033921941038,53.28676450067093
-26.587692815169788,11.013210330391189,52.440686578565476
-24.545944752324004,6.949722504912479,54.57896287971363
-16.575915662216005,-12.498960533943823,57.19890951217309
16.189580046365535,13.684552146851452,56.42188720518374
15.182442291468618,-15.092894783869742,56.65121599139877
12.818957980709001,-19.168238951795953,55.898729562456026
-23.97252114001725,9.63295905512041,54.34882166985051
-26.044386516007876,16.121120195647983,51.007623400019895
13.343731311298058,15.227952661559982,56.86637435720496
-10.810835555476928,19.027527856283506,56.271574543705185
-15.229691503843327,-22.811023887595614,53.65168483565685
-13.18840876529049,-16.68191024163483,56.98231596146229
13.805244806527753,17.78662334622838,55.75356816512141
-7.766052528387291,20.78123082623197,56.077460630909286
-16.014258823057958,-9.846741239511815,58.005436268870994
16.672863834748256,11.190831900812029,56.955742161496346
-13.54022951434007,-14.209182970424042,57.68885117130577
16.145208487768798,16.733924813523508,55.361701134467296
-26.611884351978006,7.721825701163809,53.21019875652809
26.02667389714614,-1.5626532297741136,53.87160138317546
-10.77046697904396,-25.719411559365042,53.34523616437946
-26.779949190940528,13.44431118432226,51.553428372634926
-15.608294293555389,18.93198454286292,54.92132340717711
-12.757440788770026,20.655181705581683,55.02130256826115
19.913099542114452,-15.08715350874159,54.734735098023634
26.02891884488244,-5.073588760923798,53.6361536048463
-10.693131171935903,22.210763241957736,54.774941269490455
18.95241975281877,10.140266053120541,56.296735927797556
24.27383525076391,-3.2120949054762846,54.84277790585594
-7.925469873883628,-27.2020501018198,53.03328677095675
21.989237837369643,-15.905106188512502,53.408784800074955
10.737138034984895,19.505085480093634,55.88754477831935
19.069205572180067,-17.723047678264248,54.15098781144769
28.095190511750502,-11.687555822199997,50.97338322213358
-5.431742288182562,19.952729537784926,56.78344315018069
-28.34149655481002,9.232512391378421,51.73924214539943
18.171923818226162,14.762222844217995,55.2815617962749
28.26923165649268,-0.6568828270475251,52.40381915357216
-10.565456240673086,-27.6935675513318,52.14354996718214
13.28759565413867,20.167919384128012,54.85990517779646
-8.019827995955097,23.06491081603096,54.87108725742473
-22.11525814474649,17.12466969469473,52.8806633475682
26.387559605750653,-15.70192013870242,50.82653015520572
-7.503088319661714,-29.354481899110777,51.64644208583019
26.311386386313956,-13.269560957360856,51.731481233211525
23.931425883091322,-14.261384063696184,52.89506875842807
23.396058189050564,5.348906823097792,55.0226746353477
26.493256461781755,-9.943344743755379,52.52014274235057
20.905406122583912,8.145709996107215,55.83830340828905
-19.609452147528344,18.109406788572414,53.68025021604893
-17.570453822821833,19.710584660544384,53.82222293931477
-5.085812650629009,-30.25153104522614,51.3467169294679
-3.3487671172637477,21.41776698215771,56.27991388199314
28.576473026006624,-3.2155922182801575,52.09638136787066
-18.048835862736752,-16.081922215748854,55.54488603301246
25.67901605518793,0.8826463184981037,54.07748762396085
20.610457460950386,16.649110970726845,53.44475454690388
-7.57085322131914,-33.506891046161925,48.301469710220886
20.26778866846189,14.077582451045465,54.57039088743301
-14.824880322456579,21.47660898046938,53.96722382043413
-2.957903643541215,-31.813508246483273,50.331813741815324
23.614952649015038,-17.57004539016022,51.83607446246867
21.632786759390598,-19.196085518427857,52.24297234557059
19.093019038625812,-20.09726249514959,53.10311476470116
28.01183884972076,-5.964320405362223,52.21875620397094
-8.03459538985149,-31.51657913579118,49.901404615322065
17.437228746086788,-16.571357016881088,55.29696436425206
26.12205838168694,3.6398910323399534,53.622852512116765
-16.075547732920313,-18.081368804898236,55.538697829371245
30.48755559209306,-4.121799583198261,50.59235323071073
-20.287791801891444,-14.889606121511004,54.99326783720551
28.18458210312545,-8.497207183964385,51.67627916741969
-20.817604576780724,-17.410877082038862,53.826590432280284
-4.944339142172254,-33.00284758425632,49.157626810613976
7.664279370325886,-22.419953150945428,55.64691973201042
8.449213147158844,-19.899565877396398,56.6628473659091
7.916607702521787,22.733516527325442,54.92369955374977
-17.97328037430293,-19.335138022928103,54.28717013501051
25.575621243875958,-18.276797123915895,50.28851843829398
10.192153622727602,21.84105063045265,54.89714041307002
10.746165546995456,-20.727777894891826,55.7838521856259
25.655868347663954,6.192813723095199,53.585228222028434
-20.38791769348606,-19.830387975659757,52.988355251692894
5.759311647881418,24.46133610115418,54.320996266113696
-19.30056120342553,21.314939003833516,52.26180613834458
-17.999542576877133,-24.08229804617992,51.85819771640308
30.349743085781796,-7.6178201996049815,50.21901616750449
12.629070060234909,-22.37831664603594,54.4681556305668
10.565636761205354,24.256013186404665,53.47188001629246
-4.493348108726423,-34.921645427645714,47.46813105034829
23.119247030546518,12.212427266828328,53.6914782933228
-17.4820311249716,-26.339329964629933,50.68353954644704
32.02340213392873,-5.975527622635184,49.106777666918504
-0.6237543522848341,22.13085373758568,56.020947262648065
-17.55010534439168,-21.71388496426085,53.337091778684226
-20.13309990479877,-23.002282222558655,51.48631204956513
-21.292458300119847,22.004776386361634,50.89325093600621
17.967349026909716,18.06229630446274,54.07755626815384
24.4364330702212,16.909069337498472,51.18971967249274
12.977255066905826,23.30625080015065,53.32239236707875
20.750394893879502,11.583154616305528,55.10404527789808
-22.18867321048228,19.46713825917918,51.76501499233916
15.11124143092104,21.469710644208256,53.589660872159754
-10.417656772578965,-30.563254376044128,50.111372109487775
-12.511738488697858,-28.80352361472115,50.832863906995044
26.623993010926284,17.456075301871643,49.48322356034879
17.808614018866194,22.795922231324816,51.759578101354066
17.44417708501834,20.3958306702877,53.21150345063552
17.243746638177726,25.042161771494193,50.63435911359488
-10.901378315740743,24.447698140752493,53.474972660003516
-5.011294051776474,-36.84562157743859,45.46043516324136
14.78455754878695,24.56523455331415,51.949257760327896
-15.040819075742064,-25.88385941274177,51.9481581874054
-28.01665259791133,3.4605913615318116,52.926103564808216
-30.544555340011186,4.912105919331417,50.95536912938064
27.206628632458376,15.01203268039729,50.13440433167011
-28.3470254100975,5.97696026994376,52.38410788055785
2.8486333720416326,22.899560284101128,55.50396299084548
-7.438302298419529,-36.03598461915346,45.897004706963116
7.683681651869705,25.788820138621794,53.193214275647904
-28.42430955252854,0.6632783348109825,52.82419361490088
-28.00448182813159,-1.799005152964952,53.10252742106496
-25.772810373665095,-0.7881359491678239,54.51663879296393
29.89193671340709,0.7506718520216964,51.1999519998983
22.828352674421524,15.574386911491217,52.69536945326922
3.3360673149791467,25.305509922721257,54.09948675833169
-17.221569412402715,22.86863596827454,52.311534154054755
26.904333175971743,12.442470126879428,51.27626191497296
28.168462196232724,2.6738786917877704,52.35130991129148
31.78390367951434,0.09023756766389823,49.70113795032324
32.228854086286276,-13.606017802423661,46.9879822281315
-30.414674620219728,1.420881182321068,51.375923328400916
-10.10055399693934,26.825309628264613,52.16876860823112
30.414624798697986,-10.142315726233367,49.61743350538546
10.279279871628091,26.36878750077763,52.23063973805563
-14.571322366157972,23.715563575095572,52.82016685323504
23.796952328568523,19.31336233086794,50.45199642960978
24.795086667528125,13.588301408059799,52.26531390637018
-2.903931065243114,26.07259542951654,53.71662380623468
-22.15291509483785,-21.02242450821694,51.5043959940748
7.158002608360789,27.94939682200029,51.85390850829805
-17.225774336019896,25.085818961660536,50.960334356668284
-9.552020214794084,-34.48087140257762,46.95299923991695
-0.0294668156550415,-30.391299675393135,51.51576877702479
-5.989903305375179,24.513122970650606,54.366812227519574
-3.6281474853898033,23.698150550992587,55.07195221501286
29.954922782223775,-12.450481859291493,49.33178834394704
-12.33964963483433,-31.606945026977307,48.71419951363782
-32.12118514257685,3.1355235478732766,49.91010430978423
-3.167343969221122,28.214711737072967,52.27441183605879
-5.890411161821817,27.485011285203946,52.5056440032065
-7.969096115219969,26.08643494724491,53.09924832547608
2.8360115679078888,27.469579495385297,52.75602811196757
-20.773015768005706,-9.355171272579764,56.22810531867577
28.267276173894402,-16.418178630169063,49.18711885939007
32.091145049028285,-2.4684718235687413,49.39370016462169
7.57478736496887,30.151150107424577,50.12712567980384
30.07099351231264,-14.701851926038639,48.45127348991474
-21.13313850654623,24.20208343545307,49.64309377173106
-9.3917969155643,-36.953255286279294,44.45441595613465
-26.094536109397183,18.469264825495756,49.903043020147095
23.9155095207322,21.75850841887111,49.03357096434587
-25.66450672279393,21.650043619963846,48.461844911863636
7.843604166750339,-24.694358914657606,54.409620237393085
-25.27545047698291,-3.328559337674001,54.71399162497596
10.548456711577984,-23.880458708563843,54.256979596474366
12.152018102145547,27.5522513976507,50.87794807889736
-25.544846568118544,-6.11190681903858,54.28519500178237
9.988752188098857,29.262279704974027,50.24848976155084
-28.44523726647344,17.380981681120993,48.765286513775834
29.68400580996152,-18.016139147704944,47.33124593198221
27.81409716669299,-19.693848747505005,47.98494247057505
-28.438208061903083,19.670484433442468,47.58468169530545
-0.520303215732639,-32.54487377891913,49.8176594728335
-27.681251610252616,-5.2931199508548765,53.05958553688987
-23.08334317226624,-4.138092763340332,55.843426084046996
-18.850160870391107,-11.394073614378932,56.61126622916282
26.107874301592858,20.669623394027063,48.17109889505201
-24.142952121036643,20.13281185268285,50.29977999184456
-16.230867053161802,27.44389083334432,49.75545654274288
25.554627522366417,-20.609107411494136,49.149446014734394
-14.11242009489905,26.721571652739463,51.07035482259482
-23.657290884117856,23.265909356096728,48.774044366955366
-18.874868744697977,-7.94222016130475,57.29557336740356
32.23579597751075,-16.007111876576698,46.00218861017021
4.776770256563168,28.77915924164065,51.63604659399209
-29.556185076253655,-3.4943715926030166,51.940808149848294
32.15316555976116,-11.024518675892015,47.90361234268045
-11.93512203042792,-33.48245592456234,47.198474838667835
20.014807099274975,19.057265285754077,52.67995755315218
14.83371281360678,-23.106451541941844,53.353488010435626
28.09006459949299,18.724033645358894,47.75536802924137
-30.810308605483954,7.416110117171023,50.3234544364891
-12.446699019440473,-35.38362871244374,45.168587892325206
-30.196972525268507,10.170761942914346,50.14030102637918
21.550063271960823,20.355655532736513,51.22926694148782
-14.901118163245968,-31.893190110296562,47.547998960460006
15.637550008741414,-20.5762596146986,54.330795318824926
-0.5360134869064836,25.201342937280828,54.32527759697075
23.572539476647563,-22.23406624625722,49.557252052384456
-11.996449327303736,-37.17777517417437,43.375886107702286
-19.30819743586875,25.747024258981945,49.5598535149536
2.5935114905730927,30.31427193033135,50.69903208303282
35.85899462394332,17.573562807143574,40.745804267807216
4.478623099103061,-32.47028539635804,49.569036722406054
2.3890777399562637,-31.092956839586797,50.88639173863004
31.38171436454695,-18.657392634743353,45.5036131381616
4.525122667226299,31.5573623423468,49.490526605269565
-11.908532533495134,28.070895543866776,50.82086603823319
-27.5343389585791,22.219052400420935,46.75320351654938
-28.725835316640428,14.09494011349608,49.963340581872785
7.14601754455569,32.11099987876741,48.580257128546066
-2.056773129325677,-35.652037536218096,46.95400680710196
-9.16309243260929,28.707943648857913,51.06030572662053
-19.452064711652895,-33.49135411569868,43.815537128721985
-0.07058946431135382,-34.46400550620508,48.12867073542071
-30.251368555588783,15.618130646816404,48.162697103538676
27.528338992522833,21.87150480252412,46.361758091960894
-16.75023992351703,-32.76765167869229,45.950795566683496
34.09599841213901,-1.5550691443268718,47.62007914028271
-21.030448151502924,-5.906390491028809,56.657432337080024
-32.62792182305776,11.142740424527723,47.84360005697573
29.533102227410325,22.251216383370256,44.402137596197804
-16.145852273348424,29.51400058306094,48.19293162731225
-18.785560846444753,28.650211397488725,47.6583253310435
30.137842413010134,17.54593447091115,46.67896970072508
-30.479387222664002,12.315549482243362,49.26141915158939
-22.67766037439722,-7.626245807025626,55.62555270030771
-14.648241929798871,-34.50700750027579,45.20546694095634
30.24016354561269,19.909909294055346,45.27269397336454
23.551802349332377,9.689788241460441,54.12977527469616
0.08734856057122897,-36.956883792368586,45.65028044519789
-32.751438932501344,13.547114135378827,46.873260125692525
2.5997104268485316,-33.715656486129326,48.687990174939216
34.32850490563257,-4.110881262449112,47.230810406189164
-32.04922939803265,16.161787640687173,46.37016050301361
32.13345863060172,2.8626246499418713,49.25961082523514
29.749605373337232,4.262803938451448,51.04186658910817
-31.539465652066667,-2.654287536257989,50.49172535860487
-11.823517753681784,30.14100529358341,49.25834112280256
29.254484289881077,13.835014799454122,49.05891415770196
-31.790480575972197,-5.434907529919876,50.036083000143094
-20.890898322759625,27.16582399964073,47.692401186635266
21.611793037881057,-21.528395806006113,51.10389992201101
-31.92356710278392,-0.36176565013805373,50.24288107553252
-29.184513590776135,-6.990860023254829,51.79743813484839
-24.91170350650799,-8.62843375962224,54.24865706463339
25.0271363925024,-23.757221391791415,47.66852755817723
-10.72347866209364,32.27270978949013,47.759004289696406
-31.20343982364551,-7.962105687515919,50.103192070698924
33.76262045795701,-6.8570229835932714,47.39315707006108
-13.94256443100403,30.863698178992244,47.94415043165117
32.211042806168024,18.64916857496143,44.14932770204814
-34.457907387151806,14.104321365434835,44.9983959930002
20.62004617460559,-24.027495059427,50.227905012930876
2.5279647505594767,-37.49328722948515,44.94668044106436
3.0462547885613844,-35.56062230710028,46.917574333259154
30.720304044831124,15.101665835181308,47.331535623712
35.790347846769635,-10.943122112961785,44.32366435274889
4.40831100871921,-29.700919855953412,51.73824503733687
33.82707644152481,-9.380918791162163,46.790896844977055
35.98230275207234,-5.005037305721565,45.44158525171855
25.66112670168158,8.545038253784618,53.14163143784714
-33.90199920944491,-1.4461349208104437,48.53670708553199
32.68230101949635,15.51959642864923,45.33668227309994
7.0770264786071095,-28.796399404865177,51.97631539320719
35.80360211437579,-8.437282237513784,45.001324181132475
-35.73694479110759,15.569349084602912,42.9441644818624
27.337566057722682,9.920538690212084,51.71475946219391
33.47460891490431,19.728427637422378,42.15588205068241
-34.0758101020449,17.381941978663924,43.77634207420209
-30.247743538481757,20.191417668094623,45.7970780132668
33.96838640365476,16.52257337407498,43.521323456887956
22.989968184890813,-25.332870968008876,47.99371536062739
29.50719864356992,10.459753461877725,49.98163803758246
-15.358878341762761,-29.834288319736785,49.06024895163006
-31.94453554456493,18.5395296401892,45.23138213087515
-36.04145845141812,12.257528589443716,44.09457938029158
20.4620342946246,-26.225930506883984,48.8949317089411
-8.917006004041525,-38.67982902779369,42.57475063873153
31.64971904385925,5.410276118033757,49.35970083146708
37.28599559898811,-6.748272848379024,43.70230499721197
33.97189372730401,1.9513615238249145,47.66982847843644
35.21046332329331,19.960556344304095,39.96008293957999
33.86192156345584,-11.815780298558781,46.054334385116476
-31.57436249063454,21.55713489522887,43.70550453588237
-32.65396895554687,8.143198059655951,48.64678194685405
27.665547697455054,-21.99775863952639,46.797662695359804
-19.0583991443294,-31.58354534042475,45.86634918693011
-8.580640863528458,31.480039569695144,48.99040515525172
35.75653848622929,15.163123422955408,42.22172930485999
33.1936570233745,13.039818655354253,45.910991625600786
26.600295031035387,-24.49690617006172,46.010610996101775
3.8921870698645193,37.184177449996106,44.0179245483024
-11.79188346735208,-39.41872859526706,40.68383789612892
31.027267150609333,11.747733672454807,48.34974321527653
3.9943004103324995,33.49089146766057,47.84279912381231
-29.72637884805988,23.27866785599865,44.212756664276014
-27.397806908364316,24.402993314054875,45.357946162144856
-6.903642980008243,29.899488104449667,50.59640489509576
-16.46300719358908,-35.30800062860795,43.5321582289414
4.421350596329148,35.45178314582723,45.84914871184509
-33.704123610555826,-4.587637620492771,48.50090156566415
32.909660403250086,10.498188581270433,47.07197848438534
-33.932602850240244,19.668195042223225,42.556000887321886
35.51711577537418,0.10636091626744104,46.22150787157125
-18.916566676100075,-35.35907734470668,42.12405381702689
-17.667037562575103,-28.650181981469252,48.97580257187667
6.8748100376880075,34.684415907169345,46.21116016282633
9.04437557752405,33.15520552886564,47.18856846402093
-9.383231782153644,-40.31447954697572,40.31393481165452
-4.5371028593131655,-38.571821614148995,43.581477434538726
1.5307636844721344,34.1812223113179,47.40269899130561
-33.21777635161146,21.96175365272186,41.737137054279
-34.33166602627142,1.0798558938341714,48.12170006047194
-33.94521475049123,3.8786690122028062,48.25006882573638
-36.094266504483926,1.82488093548465,46.36717156497275
-19.63920647683176,-26.67605735896965,49.44148674433757
-1.8803823971929887,-38.05965710820711,44.406656751417984
11.836493835124571,30.380968741307136,48.80989473659258
8.77178020864821,35.65901416500784,44.73069151867827
1.2583368618024622,36.62638421991644,44.886903716044
37.17151334087342,-0.7881688318090099,44.431575128400084
14.350400070315857,30.756055425973166,47.56971917657995
-34.231876040137024,6.366281804301224,47.602024150110594
37.40401983436698,-3.3439809499312716,44.04230639430659
-21.718629661144348,-32.23544239707882,43.65634515414365
-35.23255229649294,-3.2266589402669936,47.19755672105265
11.244047361584876,32.37900987238431,47.26241523284642
-23.687077480521282,-30.270027097117953,44.165114140098524
-19.51743660487074,-29.524977433761517,47.37910620095312
39.12802071451483,-2.4151391015371786,42.00129517779612
7.463700890115604,-30.82563741986357,50.405108857461585
-13.894024493047453,-37.8762980384988,41.78036791652778
-0.6718860769249204,35.461433364460795,46.17403032643773
-23.51990728122692,25.45078387268675,47.377602426732835
6.8506257385158165,-33.01498091467367,48.722627677708374
-21.947798771796243,-29.57611983226815,45.93275417165603
-37.92713620064302,10.990800789003991,42.4092859026826
-34.21147288732408,9.295947648536576,46.93978344426722
-35.91861890493959,9.852447289892027,45.06471874572719
11.342559998852067,35.949246399296946,43.58777397114517
-6.48999775739847,-39.48946598607881,42.13818109500971
-37.54907899521584,3.5401226445828016,44.65223060500341
-37.9685006402666,13.367834765648404,41.367556351881376
-36.136097902648885,5.314303495808183,45.91478861919262
32.76746975279639,22.06865343323272,41.28441751896747
-37.07391439998469,18.35566655586461,39.7049007978934
11.556409450192263,34.34092293077405,45.24874989895386
39.27518958654886,-4.9651708596501365,41.540885191241046
-4.325411228762135,-40.756187174999845,40.83025120790393
-35.45113000655772,20.142228916525532,40.5041896968026
-37.23498965260046,16.060374083705923,40.90780571111242
37.477485767150455,1.987767939577246,43.98515277723061
-15.535264515168109,32.243789728985,46.057575027501514
-38.935736136435594,17.078718988021066,38.0
-23.42340091586243,-32.86467926045004,41.80324182759614
-25.3905910696883,26.018859050187807,45.67014561723664
-26.717668525882942,27.347831569127784,43.55519231534976
29.385881423077734,-22.62298550788419,44.95671640728716
38.694681764302146,-7.72448949546796,41.76421977060318
32.64357395245554,24.32466759606165,39.58231854188858
34.97400472783556,-13.649660058479814,44.24009844079853
10.706102782400109,-26.102850873068252,52.92437208354954
-28.552048092130633,-9.508094552539045,51.76069963185182
